/*
MySQL Backup
Source Host:           localhost
Source Server Version: 5.0.45-community-nt
Source Database:       surforce-social
Date:                  2008/01/03 18:01:57
*/

SET FOREIGN_KEY_CHECKS=0;
use `surforce-social`;
#----------------------------
# Table structure for faqs
#----------------------------
CREATE TABLE `faqs` (
  `id` int(50) NOT NULL auto_increment,
  `pregunta` varchar(250) character set utf8 collate utf8_unicode_ci NOT NULL,
  `respuesta` varchar(250) character set utf8 collate utf8_unicode_ci NOT NULL,
  `fecha` timestamp NOT NULL default CURRENT_TIMESTAMP on update CURRENT_TIMESTAMP,
  PRIMARY KEY  (`id`)
) ENGINE=MyISAM AUTO_INCREMENT=2 DEFAULT CHARSET=utf8 COLLATE=utf8_spanish_ci;
#----------------------------
# Records for table faqs
#----------------------------


insert  into faqs values 
(1, '¿Como se hace para conseguir el login del sistema?', 'Deberia contactarse con el owner del proyecto a traves de un email', '2007-12-11 23:14:31');
#----------------------------
# Table structure for menu
#----------------------------
CREATE TABLE `menu` (
  `idMenu` mediumint(10) unsigned NOT NULL auto_increment,
  `idCategoriaMenu` mediumint(10) NOT NULL,
  `item` varchar(45) character set utf8 collate utf8_spanish_ci NOT NULL,
  `destino` varchar(255) character set utf8 collate utf8_spanish_ci NOT NULL,
  `posicion` tinyint(3) NOT NULL default '0',
  `privado` char(1) character set utf8 collate utf8_spanish_ci NOT NULL default '1',
  `estado` tinyint(1) NOT NULL,
  PRIMARY KEY  (`idMenu`)
) ENGINE=MyISAM AUTO_INCREMENT=19 DEFAULT CHARSET=utf8;
#----------------------------
# Records for table menu
#----------------------------


insert  into menu values 
(1, 0, 'Noticias', '/noticias/noticias/', 1, '1', 1), 
(2, 0, 'FAQ', '/faqs/faqs/', 10, '0', 1), 
(5, 0, 'home', '/', 0, '0', 1), 
(8, 0, 'Menu', '/menu/menu/', 9, '1', 1), 
(10, 0, 'Paginas', '/paginas/paginas/', 7, '1', 1), 
(11, 0, 'Usuarios', '/usuarios/usuarios/', 12, '1', 1), 
(12, 0, 'Mi Perfil', '/perfil/perfil/', 1, '1', 1), 
(13, 0, 'Blog', '/blog/blog/', 3, '1', 1), 
(14, 0, 'Comunidades', '/comunidades/comunidades/', 4, '1', 1), 
(15, 0, 'Mis Amigos', '/amigos/amigos', 6, '1', 1), 
(16, 0, 'Buscar', '/buscar/buscar', 6, '1', 1), 
(17, 0, 'Mensajeria', '/mensajeria/mensajeria/', 8, '1', 1);
#----------------------------
# Table structure for menus
#----------------------------
CREATE TABLE `menus` (
  `id` int(10) unsigned NOT NULL auto_increment,
  `id_sitio` int(10) unsigned NOT NULL,
  `nombre` varchar(150) collate utf8_unicode_ci NOT NULL,
  `titulo` varchar(50) collate utf8_unicode_ci default NULL,
  `descripcion` varchar(255) collate utf8_unicode_ci default NULL,
  `posicion` tinyint(2) NOT NULL default '1',
  `privado` char(1) collate utf8_unicode_ci NOT NULL,
  `estado` char(1) collate utf8_unicode_ci NOT NULL,
  PRIMARY KEY  (`id`)
) ENGINE=MyISAM AUTO_INCREMENT=3 DEFAULT CHARSET=utf8 COLLATE=utf8_unicode_ci;
#----------------------------
# Records for table menus
#----------------------------


insert  into menus values 
(1, 0, 'Administrador', 'Menú Administrador', 'menu admin', 2, '1', '1'), 
(2, 0, 'Sitios amigos', 'Nuestros sitios amigos', 'Enlaces a sitios amigos', 1, '0', '1');
#----------------------------
# Table structure for menus_items
#----------------------------
CREATE TABLE `menus_items` (
  `id` int(10) unsigned NOT NULL auto_increment,
  `id_menu` int(10) unsigned NOT NULL,
  `item` varchar(50) collate utf8_unicode_ci NOT NULL,
  `destino` varchar(255) collate utf8_unicode_ci NOT NULL,
  `posicion` tinyint(2) unsigned NOT NULL,
  `privado` char(1) collate utf8_unicode_ci NOT NULL,
  `estado` char(1) collate utf8_unicode_ci NOT NULL,
  PRIMARY KEY  (`id`)
) ENGINE=MyISAM AUTO_INCREMENT=4 DEFAULT CHARSET=utf8 COLLATE=utf8_unicode_ci;
#----------------------------
# Records for table menus_items
#----------------------------


insert  into menus_items values 
(1, 1, 'Menus', '/menus/menus', 1, '0', '1'), 
(3, 1, 'Usuarios', '/usuarios/usuarios', 2, '1', '1');
#----------------------------
# Table structure for noticias
#----------------------------
CREATE TABLE `noticias` (
  `idNoticia` mediumint(10) NOT NULL auto_increment,
  `titulo` varchar(150) character set utf8 collate utf8_spanish_ci NOT NULL,
  `contenido` text character set utf8 collate utf8_spanish_ci NOT NULL,
  `fecha` timestamp NOT NULL default CURRENT_TIMESTAMP,
  `id_usuario` int(11) NOT NULL,
  PRIMARY KEY  (`idNoticia`)
) ENGINE=MyISAM AUTO_INCREMENT=34 DEFAULT CHARSET=utf8;
#----------------------------
# Records for table noticias
#----------------------------


insert  into noticias values 
(32, 'Bienvenidos!!!', '<p>Surforce social es una red social donde puedes compartir con tus amigos, conocer gente, divagar, y reducir las distancias de los kilometros.</p>\r\n<p>&nbsp;Esperamos que se unan a esta creciente comunidad&nbsp;&nbsp;</p>\r\n<p>&nbsp;</p>', '2007-12-31 03:13:18', 0);
#----------------------------
# Table structure for paginas
#----------------------------
CREATE TABLE `paginas` (
  `id` int(10) NOT NULL auto_increment,
  `titulo` varchar(150) collate utf8_spanish_ci NOT NULL,
  `contenido` text collate utf8_spanish_ci NOT NULL,
  `fecha` timestamp NOT NULL default CURRENT_TIMESTAMP,
  `id_usuario` int(11) NOT NULL,
  PRIMARY KEY  (`id`)
) ENGINE=MyISAM AUTO_INCREMENT=11 DEFAULT CHARSET=utf8 COLLATE=utf8_spanish_ci;
#----------------------------
# Records for table paginas
#----------------------------


insert  into paginas values 
(1, 'Declaran esencialidad de servicios quirurgicos', 'Tras el Consejo de Ministros', '2007-08-01 01:15:13', 1), 
(5, 'Primer pagina con TinyMCE', 'Mmm... c&oacute;mo se ve esto?', '2007-08-13 20:32:18', 0), 
(6, 'Sin festejos, Fidel cumple años', '<img src=\"http://www.elpais.com.uy/07/08/13/33742_298.JPG\" alt=\"Fidel\" title=\"Fidel Castro\" width=\"298\" height=\"255\" align=\"right\" />La Habana', '2007-08-14 01:23:57', 0);
#----------------------------
# Table structure for styles_propiedades
#----------------------------
CREATE TABLE `styles_propiedades` (
  `id_propiedad` int(11) NOT NULL auto_increment,
  `propiedad` varchar(32) collate utf8_spanish_ci NOT NULL,
  PRIMARY KEY  (`id_propiedad`)
) ENGINE=MyISAM AUTO_INCREMENT=122 DEFAULT CHARSET=utf8 COLLATE=utf8_spanish_ci;
#----------------------------
# Records for table styles_propiedades
#----------------------------


insert  into styles_propiedades values 
(1, 'azimuth'), 
(2, 'background'), 
(3, 'background-attachment'), 
(4, 'background-color'), 
(5, 'background-image'), 
(6, 'background-position'), 
(7, 'background-repeat'), 
(8, 'border'), 
(9, 'border-collapse'), 
(10, 'border-color'), 
(11, 'border-spacing'), 
(12, 'border-style'), 
(13, 'border-top'), 
(14, 'border-right'), 
(15, 'border-bottom'), 
(16, 'border-left'), 
(17, 'border-right-color'), 
(18, 'border-top-color'), 
(19, 'border-bottom-color'), 
(20, 'border-left-color'), 
(21, 'border-top-style'), 
(22, 'border-right-style'), 
(23, 'border-bottom-style'), 
(24, 'border-left-style'), 
(25, 'border-top-width'), 
(26, 'border-right-width'), 
(27, 'border-bottom-width'), 
(28, 'border-left-width'), 
(29, 'border-width'), 
(30, 'bottom'), 
(31, 'caption-side'), 
(32, 'clear'), 
(33, 'clip'), 
(34, 'color'), 
(35, 'content'), 
(36, 'counter-increment'), 
(37, 'counter-reset'), 
(38, 'cue'), 
(39, 'cue-after'), 
(40, 'cue-before'), 
(41, 'cursor'), 
(42, 'direction'), 
(43, 'display'), 
(44, 'elevation'), 
(45, 'empty-cells'), 
(46, 'float'), 
(47, 'font'), 
(48, 'font-family'), 
(49, 'font-size'), 
(50, 'font-size-adjust'), 
(51, 'font-stretch'), 
(52, 'font-style'), 
(53, 'font-variant'), 
(54, 'heightfont-weight'), 
(55, 'left'), 
(56, 'letter-spacing'), 
(57, 'line-height'), 
(58, 'list-style'), 
(59, 'list-style-image'), 
(60, 'list-style-position'), 
(61, 'list-style-type'), 
(62, 'margin'), 
(63, 'margin-top'), 
(64, 'margin-right'), 
(65, 'margin-bottom'), 
(66, 'margin-left'), 
(67, 'marker-offset'), 
(68, 'marks'), 
(69, 'max-height'), 
(70, 'max-width'), 
(71, 'min-height'), 
(72, 'min-width'), 
(73, 'orphans'), 
(74, 'outline'), 
(75, 'outline-color'), 
(76, 'outline-style'), 
(77, 'outline-width'), 
(78, 'overflow'), 
(79, 'padding'), 
(80, 'padding-top'), 
(81, 'padding-right'), 
(82, 'padding-bottom'), 
(83, 'padding-left'), 
(84, 'page'), 
(85, 'page-break-after'), 
(86, 'page-break-before'), 
(87, 'age-break-inside'), 
(88, 'pause'), 
(89, 'pause-after'), 
(90, 'pause-before'), 
(91, 'pitch'), 
(92, 'pitch-range'), 
(93, 'play-during'), 
(94, 'position'), 
(95, 'quotes'), 
(96, 'richness'), 
(97, 'right'), 
(98, 'size'), 
(99, 'speak'), 
(100, 'speak-header'), 
(101, 'speak-numeral'), 
(102, 'speak-punctuation'), 
(103, 'speech-rate'), 
(104, 'tress'), 
(105, 'table-layout'), 
(106, 'text-align'), 
(107, 'text-decoration'), 
(108, 'text-indent'), 
(109, 'text-shadow'), 
(110, 'text-transform'), 
(111, 'top'), 
(112, 'unicode-bidi'), 
(113, 'vertical-align'), 
(114, 'visibility'), 
(115, 'voice-family'), 
(116, 'volume'), 
(117, 'white-space'), 
(118, 'widows'), 
(119, 'width'), 
(120, 'word-spacing'), 
(121, 'z-index');
#----------------------------
# Table structure for styles_propiedades_x_selectores
#----------------------------
CREATE TABLE `styles_propiedades_x_selectores` (
  `id_selector` int(11) NOT NULL,
  `id_propiedad` int(11) NOT NULL,
  `valor` varchar(64) collate utf8_spanish_ci default NULL,
  PRIMARY KEY  (`id_selector`,`id_propiedad`)
) ENGINE=MyISAM DEFAULT CHARSET=utf8 COLLATE=utf8_spanish_ci;
#----------------------------
# Records for table styles_propiedades_x_selectores
#----------------------------


insert  into styles_propiedades_x_selectores values 
(1, 62, '5px'), 
(1, 48, 'Verdana, Arial, Helvetica, sans-serif'), 
(1, 49, '11px'), 
(2, 49, '22px'), 
(3, 62, '0 auto'), 
(4, 66, '10px'), 
(4, 79, '0'), 
(5, 46, 'left'), 
(5, 78, 'hidden'), 
(5, 119, '150px'), 
(6, 16, '1px solid #CCCCCC'), 
(6, 46, 'left'), 
(6, 79, '15px'), 
(6, 119, '550px'), 
(7, 13, '1px solid #CCCCCC'), 
(7, 32, 'both'), 
(7, 106, 'center'), 
(7, 119, '100%'), 
(8, 4, '#CCCC00'), 
(8, 79, '0 3px 0 3px'), 
(9, 14, '1px solid #f0f0f0'), 
(9, 15, '1px solid #f0f0f0'), 
(9, 79, '2px'), 
(10, 43, 'block'), 
(10, 46, 'left'), 
(10, 106, 'right'), 
(10, 119, '150px'), 
(11, 66, '100px'), 
(12, 34, '#FF0000'), 
(12, 62, '10px'), 
(13, 119, '205px'), 
(14, 46, 'right');
#----------------------------
# Table structure for styles_selectores
#----------------------------
CREATE TABLE `styles_selectores` (
  `id_selector` int(11) NOT NULL auto_increment,
  `selector` varchar(64) collate utf8_spanish_ci NOT NULL,
  `descripcion` varchar(255) collate utf8_spanish_ci default NULL,
  PRIMARY KEY  (`id_selector`)
) ENGINE=MyISAM AUTO_INCREMENT=16 DEFAULT CHARSET=utf8 COLLATE=utf8_spanish_ci;
#----------------------------
# Records for table styles_selectores
#----------------------------


insert  into styles_selectores values 
(1, 'BODY', 'Cuerpo principal de la pagina.'), 
(2, 'H1', 'Titulos'), 
(3, 'DIV#contenedor', ''), 
(4, 'DIV#menu ul, DIV#menu li', ''), 
(5, 'DIV#menu', ''), 
(6, 'DIV#contenido', ''), 
(7, 'DIV#pie', ''), 
(8, 'TH', ''), 
(9, 'TD', ''), 
(10, 'label', ''), 
(11, 'DIV#formbutton', ''), 
(12, 'DIV#mensaje', ''), 
(13, 'DIV#boton_formulario', ''), 
(14, 'DIV#boton_formulario INPUT', 'Botones de formularios'), 
(15, 'DIV#logueado', null);
#----------------------------
# Table structure for usuarios
#----------------------------
CREATE TABLE `usuarios` (
  `idUsuario` mediumint(10) unsigned NOT NULL auto_increment,
  `idZona` mediumint(10) NOT NULL,
  `usuario` varchar(32) character set utf8 collate utf8_spanish_ci NOT NULL,
  `password` varchar(32) NOT NULL,
  `nombre` varchar(40) character set utf8 collate utf8_spanish_ci NOT NULL,
  `apellido` varchar(40) character set utf8 collate utf8_spanish_ci NOT NULL,
  `mail` varchar(64) NOT NULL,
  `genero` enum('Mujer','Hombre') NOT NULL,
  `ciudad` char(50) NOT NULL,
  `fechaNacimiento` date default NULL,
  `estado` tinyint(1) NOT NULL,
  `creado` datetime NOT NULL,
  `modificado` timestamp NOT NULL default CURRENT_TIMESTAMP on update CURRENT_TIMESTAMP,
  PRIMARY KEY  (`idUsuario`),
  UNIQUE KEY `usuario_idx` (`usuario`),
  KEY `zona_idx` (`idZona`),
  KEY `pass_idx` (`password`),
  KEY `nacimiento_idx` (`fechaNacimiento`),
  KEY `estado_idx` (`estado`)
) ENGINE=MyISAM AUTO_INCREMENT=13 DEFAULT CHARSET=utf8;
#----------------------------
# Records for table usuarios
#----------------------------


insert  into usuarios values 
(11, 0, 'admin', 'admin', 'admin', '', 'at.elah@gmail.com', '', 'Buenos Aires', '2002-12-31', 1, '2008-01-02 11:44:34', '2008-01-02 10:47:54');
#----------------------------
# Table structure for zonas
#----------------------------
CREATE TABLE `zonas` (
  `idZona` mediumint(9) NOT NULL auto_increment,
  `idPadre` mediumint(9) default NULL,
  `nombre` char(50) character set latin1 collate latin1_general_ci default NULL,
  `estado` tinyint(1) default '1',
  PRIMARY KEY  (`idZona`)
) ENGINE=MyISAM AUTO_INCREMENT=5048 DEFAULT CHARSET=latin1;
#----------------------------
# Records for table zonas
#----------------------------


insert  into zonas values 
(1, 0, 'Algeria', 1), 
(2, 0, 'Angola', 1), 
(3, 0, 'Benin', 1), 
(4, 0, 'Botswana', 1), 
(5, 0, 'Burkina Faso', 1), 
(6, 0, 'Burundi', 1), 
(7, 0, 'Cameroon', 1), 
(8, 0, 'Cape Verde', 1), 
(9, 0, 'Central African Republic', 1), 
(10, 0, 'Chad', 1), 
(11, 0, 'Congo, Dem.', 1), 
(12, 0, 'Congo, Rep.', 1), 
(13, 0, 'Djibouti', 1), 
(14, 0, 'Egypt', 1), 
(15, 0, 'Equatorial Guinea', 1), 
(16, 0, 'Eritrea', 1), 
(17, 0, 'Ethiopia', 1), 
(18, 0, 'Gabon', 1), 
(19, 0, 'Gambia', 1), 
(20, 0, 'Ghana', 1), 
(21, 0, 'Guinea', 1), 
(22, 0, 'Guinea-Bissau', 1), 
(23, 0, 'Kenya', 1), 
(24, 0, 'Lesotho', 1), 
(25, 0, 'Liberia', 1), 
(26, 0, 'Libya', 1), 
(27, 0, 'Madagascar', 1), 
(28, 0, 'Malawi', 1), 
(29, 0, 'Mali', 1), 
(30, 0, 'Mauritania', 1), 
(31, 0, 'Mauritius', 1), 
(32, 0, 'Morocco', 1), 
(33, 0, 'Mozambique', 1), 
(34, 0, 'Namibia', 1), 
(35, 0, 'Niger', 1), 
(36, 0, 'Nigeria', 1), 
(37, 0, 'Rwanda', 1), 
(38, 0, 'Sao Tome/Principe', 1), 
(39, 0, 'Senegal', 1), 
(40, 0, 'Seychelles', 1), 
(41, 0, 'Sierra Leone', 1), 
(42, 0, 'Somalia', 1), 
(43, 0, 'South Africa', 1), 
(44, 0, 'Sudan', 1), 
(45, 0, 'Swaziland', 1), 
(46, 0, 'Tanzania', 1), 
(47, 0, 'Togo', 1), 
(48, 0, 'Tunisia', 1), 
(49, 0, 'Uganda', 1), 
(50, 0, 'Zambia', 1), 
(51, 0, 'Zimbabwe', 1), 
(52, 0, 'Bangladesh', 1), 
(53, 0, 'Bhutan', 1), 
(54, 0, 'Brunei', 1), 
(55, 0, 'Burma (Myanmar)', 1), 
(56, 0, 'Cambodia', 1), 
(57, 0, 'China', 1), 
(58, 0, 'East Timor', 1), 
(59, 0, 'India', 1), 
(60, 0, 'Indonesia', 1), 
(61, 0, 'Japan', 1), 
(62, 0, 'Kazakhstan', 1), 
(63, 0, 'Korea (north)', 1), 
(64, 0, 'Korea (south)', 1), 
(65, 0, 'Laos', 1), 
(66, 0, 'Malaysia', 1), 
(67, 0, 'Maldives', 1), 
(68, 0, 'Mongolia', 1), 
(69, 0, 'Nepal', 1), 
(70, 0, 'Philippines', 1), 
(71, 0, 'Russian Federation', 1), 
(72, 0, 'Singapore', 1), 
(73, 0, 'Sri Lanka', 1), 
(74, 0, 'Taiwan', 1), 
(75, 0, 'Thailand', 1), 
(76, 0, 'Vietnam', 1), 
(77, 0, 'Australia', 1), 
(78, 0, 'Fiji', 1), 
(79, 0, 'Kiribati', 1), 
(80, 0, 'Micronesia', 1), 
(81, 0, 'Nauru', 1), 
(82, 0, 'New Zealand', 1), 
(83, 0, 'Palau', 1), 
(84, 0, 'Papua New Guinea', 1), 
(85, 0, 'Samoa', 1), 
(86, 0, 'Tonga', 1), 
(87, 0, 'Tuvalu', 1), 
(88, 0, 'Vanuatu', 1), 
(89, 0, 'Anguilla', 1), 
(90, 0, 'Antigua/Barbuda', 1), 
(91, 0, 'Aruba', 1), 
(92, 0, 'Bahamas', 1), 
(93, 0, 'Barbados', 1), 
(94, 0, 'Cuba', 1), 
(95, 0, 'Dominica', 1), 
(96, 0, 'Dominican Republic', 1), 
(97, 0, 'Grenada', 1), 
(98, 0, 'Guadeloupe', 1), 
(99, 0, 'Haiti', 1), 
(100, 0, 'Jamaica', 1), 
(101, 0, 'Martinique', 1), 
(102, 0, 'Montserrat', 1), 
(103, 0, 'Netherlands Antilles', 1), 
(104, 0, 'Puerto Rico', 1), 
(105, 0, 'St. Barts', 1), 
(106, 0, 'St. Kitts/Nevis', 1), 
(107, 0, 'St. Lucia', 1), 
(108, 0, 'St. Martin/Sint Maarten', 1), 
(109, 0, 'St Vincent/Grenadines', 1), 
(110, 0, 'San Andres', 1), 
(111, 0, 'Trinidad/Tobago', 1), 
(112, 0, 'Turks/Caicos', 1), 
(113, 0, 'Belize', 1), 
(114, 0, 'Costa Rica', 1), 
(115, 0, 'El Salvador', 1), 
(116, 0, 'Guatemala', 1), 
(117, 0, 'Honduras', 1), 
(118, 0, 'Nicaragua', 1), 
(119, 0, 'Panama', 1), 
(120, 0, 'Albania', 1), 
(121, 0, 'Andorra', 1), 
(122, 0, 'Austria', 1), 
(123, 0, 'Belarus', 1), 
(124, 0, 'Belgium', 1), 
(125, 0, 'Bosnia/Herzegovina', 1), 
(126, 0, 'Bulgaria', 1), 
(127, 0, 'Croatia', 1), 
(128, 0, 'Czech Republic', 1), 
(129, 0, 'Denmark', 1), 
(130, 0, 'Estonia', 1), 
(131, 0, 'Finland', 1), 
(132, 0, 'France', 1), 
(133, 0, 'Georgia', 1), 
(134, 0, 'Germany', 1), 
(135, 0, 'Greece', 1), 
(136, 0, 'Hungary', 1), 
(137, 0, 'Iceland', 1), 
(138, 0, 'Ireland', 1), 
(139, 0, 'Italy', 1), 
(140, 0, 'Latvia', 1), 
(141, 0, 'Liechtenstein', 1), 
(142, 0, 'Lithuania', 1), 
(143, 0, 'Luxembourg', 1), 
(144, 0, 'Macedonia', 1), 
(145, 0, 'Malta', 1), 
(146, 0, 'Moldova', 1), 
(147, 0, 'Monaco', 1), 
(148, 0, 'Netherlands', 1), 
(149, 0, 'Norway', 1), 
(150, 0, 'Poland', 1), 
(151, 0, 'Portugal', 1), 
(152, 0, 'Romania', 1), 
(153, 0, 'San Marino', 1), 
(154, 0, 'Serbia/Montenegro (Yugoslavia)', 1), 
(155, 0, 'Slovakia', 1), 
(156, 0, 'Slovenia', 1), 
(157, 0, 'Spain', 1), 
(158, 0, 'Sweden', 1), 
(159, 0, 'Switzerland', 1), 
(160, 0, 'Ukraine', 1), 
(161, 0, 'United Kingdom', 1), 
(162, 0, 'Vatican City', 1), 
(163, 0, 'Arctic Ocean', 1), 
(164, 0, 'Atlantic Ocean (North)', 1), 
(165, 0, 'Atlantic Ocean (South)', 1), 
(166, 0, 'Assorted', 1), 
(167, 0, 'Caribbean Sea', 1), 
(168, 0, 'Greek Isles', 1), 
(169, 0, 'Indian Ocean', 1), 
(170, 0, 'Mediterranean Sea', 1), 
(171, 0, 'Oceania', 1), 
(172, 0, 'Pacific Ocean (North)', 1), 
(173, 0, 'Pacific Ocean (South)', 1), 
(174, 0, 'Afghanistan', 1), 
(175, 0, 'Armenia', 1), 
(176, 0, 'Azerbaijan', 1), 
(177, 0, 'Bahrain', 1), 
(178, 0, 'Cyprus', 1), 
(179, 0, 'Iran', 1), 
(180, 0, 'Iraq', 1), 
(181, 0, 'Israel', 1), 
(182, 0, 'Jordan', 1), 
(183, 0, 'Kuwait', 1), 
(184, 0, 'Kyrgyzstan', 1), 
(185, 0, 'Lebanon', 1), 
(186, 0, 'Oman', 1), 
(187, 0, 'Pakistan', 1), 
(188, 0, 'Qatar', 1), 
(189, 0, 'Saudi Arabia', 1), 
(190, 0, 'Syria', 1), 
(191, 0, 'Tajikistan', 1), 
(192, 0, 'Turkey', 1), 
(193, 0, 'Turkmenistan', 1), 
(194, 0, 'United Arab Emirates', 1), 
(195, 0, 'Uzbekistan', 1), 
(196, 0, 'Yemen', 1), 
(197, 0, 'Bermuda', 1), 
(198, 0, 'Canada', 1), 
(199, 0, 'Caribbean', 1), 
(200, 0, 'Greenland', 1), 
(201, 0, 'Mexico', 1), 
(202, 0, 'United States', 1), 
(203, 0, 'Argentina', 1), 
(204, 0, 'Bolivia', 1), 
(205, 0, 'Brazil', 1), 
(206, 0, 'Chile', 1), 
(207, 0, 'Colombia', 1), 
(208, 0, 'Ecuador', 1), 
(209, 0, 'Guyana', 1), 
(210, 0, 'Paraguay', 1), 
(211, 0, 'Peru', 1), 
(212, 0, 'Suriname', 1), 
(213, 0, 'Uruguay', 1), 
(214, 0, 'Venezuela', 1), 
(216, 1, 'Algiers', 1), 
(217, 1, ' Adrar', 1), 
(218, 1, ' Ain Defla', 1), 
(219, 1, ' Ain Temouchent', 1), 
(220, 1, ' Alger', 1), 
(221, 1, ' Annaba', 1), 
(222, 1, ' Batna', 1), 
(223, 1, ' Bechar', 1), 
(224, 1, ' Bejaia', 1), 
(225, 1, ' Biskra', 1), 
(226, 1, ' Blida', 1), 
(227, 1, ' Bordj Bou Arreridj', 1), 
(228, 1, ' Bouira', 1), 
(229, 1, ' Boumerdes', 1), 
(230, 1, ' Chlef', 1), 
(231, 1, ' Constantine', 1), 
(232, 1, ' Djelfa', 1), 
(233, 1, ' El Bayadh', 1), 
(234, 1, ' El Oued', 1), 
(235, 1, ' El Tarf', 1), 
(236, 1, ' Ghardaia', 1), 
(237, 1, ' Guelma', 1), 
(238, 1, ' Illizi', 1), 
(239, 1, ' Jijel', 1), 
(240, 1, ' Khenchela', 1), 
(241, 1, ' Laghouat', 1), 
(242, 1, ' Mascara', 1), 
(243, 1, ' Medea', 1), 
(244, 1, ' Mila', 1), 
(245, 1, ' Mostaganem', 1), 
(246, 1, ' M\'Sila', 1), 
(247, 1, ' Naama', 1), 
(248, 1, ' Oran', 1), 
(249, 1, ' Ouargla', 1), 
(250, 1, ' Oum el Bouaghi', 1), 
(251, 1, ' Relizane', 1), 
(252, 1, ' Saida', 1), 
(253, 1, ' Setif', 1), 
(254, 1, ' Sidi Bel Abbes', 1), 
(255, 1, ' Skikda', 1), 
(256, 1, ' Souk Ahras', 1), 
(257, 1, ' Tamanghasset', 1), 
(258, 1, ' Tebessa', 1), 
(259, 1, ' Tiaret', 1), 
(260, 1, ' Tindouf', 1), 
(261, 1, ' Tipaza', 1), 
(262, 1, ' Tissemsilt', 1), 
(263, 1, ' Tizi Ouzou', 1), 
(264, 1, ' Tlemcen', 1), 
(265, 2, 'Luanda', 1), 
(266, 2, ' Bengo', 1), 
(267, 2, ' Benguela', 1), 
(268, 2, ' Bie', 1), 
(269, 2, ' Cabinda', 1), 
(270, 2, ' Cuando Cubango', 1), 
(271, 2, ' Cuanza Norte', 1), 
(272, 2, ' Cuanza Sul', 1), 
(273, 2, ' Cunene', 1), 
(274, 2, ' Huambo', 1), 
(275, 2, ' Huila', 1), 
(276, 2, ' Lunda Norte', 1), 
(277, 2, ' Lunda Sul', 1), 
(278, 2, ' Malanje', 1), 
(279, 2, ' Moxico', 1), 
(280, 2, ' Namibe', 1), 
(281, 2, ' Uige', 1), 
(282, 2, ' Zaire', 1), 
(283, 3, 'Porto-Novo', 1), 
(284, 3, ' Alibori', 1), 
(285, 3, ' Atakora', 1), 
(286, 3, ' Atlantique', 1), 
(287, 3, ' Borgou', 1), 
(288, 3, ' Collines', 1), 
(289, 3, ' Couffo', 1), 
(290, 3, ' Donga', 1), 
(291, 3, ' Littoral', 1), 
(292, 3, ' Mono', 1), 
(293, 3, ' Oueme', 1), 
(294, 3, ' Plateau', 1), 
(295, 3, ' Zou', 1), 
(296, 4, 'Gaborone', 1), 
(297, 4, ' Central', 1), 
(298, 4, ' Chobe', 1), 
(299, 4, ' Francistown', 1), 
(300, 4, ' Ghanzi', 1), 
(301, 4, ' Kgalagadi', 1), 
(302, 4, ' Kgatleng', 1), 
(303, 4, ' Kweneng', 1), 
(304, 4, ' Lobatse', 1), 
(305, 4, ' Ngamiland', 1), 
(306, 4, ' North-East', 1), 
(307, 4, ' Selebi-Pikwe', 1), 
(308, 4, ' South-East', 1), 
(309, 4, ' Southern', 1), 
(310, 5, 'Ouagadougou', 1), 
(311, 5, ' Bale', 1), 
(312, 5, ' Bam', 1), 
(313, 5, ' Banwa', 1), 
(314, 5, ' Bazega', 1), 
(315, 5, ' Bougouriba', 1), 
(316, 5, ' Boulgou', 1), 
(317, 5, ' Boulkiemde', 1), 
(318, 5, ' Comoe', 1), 
(319, 5, ' Ganzourgou', 1), 
(320, 5, ' Gnagna', 1), 
(321, 5, ' Gourma', 1), 
(322, 5, ' Houet', 1), 
(323, 5, ' Ioba', 1), 
(324, 5, ' Kadiogo', 1), 
(325, 5, ' Kenedougou', 1), 
(326, 5, ' Komandjari', 1), 
(327, 5, ' Kompienga', 1), 
(328, 5, ' Kossi', 1), 
(329, 5, ' Koupelogo', 1), 
(330, 5, ' Kouritenga', 1), 
(331, 5, ' Kourweogo', 1), 
(332, 5, ' Leraba', 1), 
(333, 5, ' Loroum', 1), 
(334, 5, ' Mouhoun', 1), 
(335, 5, ' Nahouri', 1), 
(336, 5, ' Namentenga', 1), 
(337, 5, ' Nayala', 1), 
(338, 5, ' Naumbiel', 1), 
(339, 5, ' Oubritenga', 1), 
(340, 5, ' Oudalan', 1), 
(341, 5, ' Passore', 1), 
(342, 5, ' Poni', 1), 
(343, 5, ' Samentenga', 1), 
(344, 5, ' Sanguie', 1), 
(345, 5, ' Seno', 1), 
(346, 5, ' Sissili', 1), 
(347, 5, ' Soum', 1), 
(348, 5, ' Sourou', 1), 
(349, 5, ' Tapoa', 1), 
(350, 5, ' Tuy', 1), 
(351, 5, ' Yagha', 1), 
(352, 5, ' Yatenga', 1), 
(353, 5, ' Ziro', 1), 
(354, 5, ' Zondomo', 1), 
(355, 5, ' Zoundweogo', 1), 
(356, 6, 'Bujumbura', 1), 
(357, 6, ' Bubanza', 1), 
(358, 6, ' Bujumbura', 1), 
(359, 6, ' Bururi', 1), 
(360, 6, ' Cankuzo', 1), 
(361, 6, ' Cibitoke', 1), 
(362, 6, ' Gitega', 1), 
(363, 6, ' Karuzi', 1), 
(364, 6, ' Kayanza', 1), 
(365, 6, ' Kirundo', 1), 
(366, 6, ' Makamba', 1), 
(367, 6, ' Muramvya', 1), 
(368, 6, ' Muyinga', 1), 
(369, 6, ' Mwaro', 1), 
(370, 6, ' Ngozi', 1), 
(371, 6, ' Rutana', 1), 
(372, 6, ' Ruyigi', 1), 
(373, 7, 'Yaounde', 1), 
(374, 7, ' Adamaoua', 1), 
(375, 7, ' Centre', 1), 
(376, 7, ' Est', 1), 
(377, 7, ' Extreme-Nord', 1), 
(378, 7, ' Littoral', 1), 
(379, 7, ' Nord', 1), 
(380, 7, ' Nord-Ouest', 1), 
(381, 7, ' Ouest', 1), 
(382, 7, ' Sud', 1), 
(383, 7, ' Sud-Ouest', 1), 
(384, 8, 'Praia', 1), 
(385, 8, ' Boa Vista', 1), 
(386, 8, ' Brava', 1), 
(387, 8, ' Calheta', 1), 
(388, 8, ' Maio', 1), 
(389, 8, ' Mosteiros', 1), 
(390, 8, ' Paul', 1), 
(391, 8, ' Porto Novo', 1), 
(392, 8, ' Ribeira Grande', 1), 
(393, 8, ' Sal', 1), 
(394, 8, ' Santa Catarina', 1), 
(395, 8, ' Santa Cruz', 1), 
(396, 8, ' Sao Domingos', 1), 
(397, 8, ' Sao Nicolau', 1), 
(398, 8, ' Sao Filipe', 1), 
(399, 8, ' Sao Vicente', 1), 
(400, 8, ' Tarrafal', 1), 
(401, 9, 'Bangui', 1), 
(402, 9, ' Bamingui-Bangoran', 1), 
(403, 9, ' Basse-Kotto', 1), 
(404, 9, ' Gribingui', 1), 
(405, 9, ' Haute-Kotto', 1), 
(406, 9, ' Haute-Sangha', 1), 
(407, 9, ' Haut-Mbomou', 1), 
(408, 9, ' Kemo-Gribingui', 1), 
(409, 9, ' Lobaye', 1), 
(410, 9, ' Mbomou', 1), 
(411, 9, ' Nana-Mambere', 1), 
(412, 9, ' Ombella-Mpoko', 1), 
(413, 9, ' Ouaka', 1), 
(414, 9, ' Ouham', 1), 
(415, 9, ' Ouham-Pende', 1), 
(416, 9, ' Sangha', 1), 
(417, 9, ' Vakaga', 1), 
(418, 10, 'N\'Djamena', 1), 
(419, 10, ' Assongha', 1), 
(420, 10, ' Baguirmi', 1), 
(421, 10, ' Bahr El Gazal', 1), 
(422, 10, ' Bahr Koh', 1), 
(423, 10, ' Batha Oriental', 1), 
(424, 10, ' Batha Occidental', 1), 
(425, 10, ' Biltine', 1), 
(426, 10, ' Borkou', 1), 
(427, 10, ' Dababa', 1), 
(428, 10, ' Ennedi', 1), 
(429, 10, ' Guera', 1), 
(430, 10, ' Hadjer Lamis', 1), 
(431, 10, ' Kabia', 1), 
(432, 10, ' Kanem', 1), 
(433, 10, ' Lac', 1), 
(434, 10, ' Lac Iro', 1), 
(435, 10, ' Logone Occidental', 1), 
(436, 10, ' Logone Oriental', 1), 
(437, 10, ' Mandoul', 1), 
(438, 10, ' Mayo-Boneye', 1), 
(439, 10, ' Mayo-Dallah', 1), 
(440, 10, ' Monts de Lam', 1), 
(441, 10, ' Ouaddai', 1), 
(442, 10, ' Salamat', 1), 
(443, 10, ' Sila', 1), 
(444, 10, ' Tandjile Oriental', 1), 
(445, 10, ' Tandjile Occidental', 1), 
(446, 10, ' Tibesti', 1), 
(447, 11, 'Kinshasa', 1), 
(448, 11, ' Bandundu', 1), 
(449, 11, ' Bas-Congo', 1), 
(450, 11, ' Equateur', 1), 
(451, 11, ' Kasai-Occidental', 1), 
(452, 11, ' Kasai-Oriental', 1), 
(453, 11, ' Katanga', 1), 
(454, 11, ' Maniema', 1), 
(455, 11, ' Nord-Kivu', 1), 
(456, 11, ' Orientale', 1), 
(457, 11, ' Sud-Kivu', 1), 
(458, 12, 'Brazzaville', 1), 
(459, 12, ' Bouenza', 1), 
(460, 12, ' Cuvette', 1), 
(461, 12, ' Kouilou', 1), 
(462, 12, ' Lekoumou', 1), 
(463, 12, ' Likouala', 1), 
(464, 12, ' Niari', 1), 
(465, 12, ' Plateaux', 1), 
(466, 12, ' Pool', 1), 
(467, 12, ' Sangha', 1), 
(468, 13, 'Djibouti', 1), 
(469, 13, ' \'Ali Sabih', 1), 
(470, 13, ' Dikhil', 1), 
(471, 13, ' Obock', 1), 
(472, 13, ' Tadjoura', 1), 
(473, 14, 'Cairo', 1), 
(474, 14, ' Ad Daqahliyah', 1), 
(475, 14, ' Al Bahr al Ahmar', 1), 
(476, 14, ' Al Buhayrah', 1), 
(477, 14, ' Al Fayyum', 1), 
(478, 14, ' Al Gharbiyah', 1), 
(479, 14, ' Al Iskandariyah', 1), 
(480, 14, ' Al Isma\'iliyah', 1), 
(481, 14, ' Al Jizah', 1), 
(482, 14, ' Al Minufiyah', 1), 
(483, 14, ' Al Minya', 1), 
(484, 14, ' Al Qahirah', 1), 
(485, 14, ' Al Qalyubiyah', 1), 
(486, 14, ' Al Wadi al Jadid', 1), 
(487, 14, ' Ash Sharqiyah', 1), 
(488, 14, ' As Suways', 1), 
(489, 14, ' Aswan', 1), 
(490, 14, ' Asyut', 1), 
(491, 14, ' Bani Suwayf', 1), 
(492, 14, ' Bur Sa\'id', 1), 
(493, 14, ' Dumyat', 1), 
(494, 14, ' Janub Sina\'Kafr ash Shaykh', 1), 
(495, 14, ' Matruh', 1), 
(496, 14, ' Qina', 1), 
(497, 14, ' Shamal Sina\'Suhaj', 1), 
(498, 15, 'Malabo', 1), 
(499, 15, ' Annobon', 1), 
(500, 15, ' Bioko Norte', 1), 
(501, 15, ' Bioko Sur', 1), 
(502, 15, ' Centro Sur', 1), 
(503, 15, ' Kie-Ntem', 1), 
(504, 15, ' Litoral', 1), 
(505, 15, ' Wele-Nzas', 1), 
(506, 16, 'Asmara', 1), 
(507, 16, ' Central', 1), 
(508, 16, ' Anelba', 1), 
(509, 16, ' Southern Red Sea', 1), 
(510, 16, ' Northern Red Sea', 1), 
(511, 16, ' Southern', 1), 
(512, 16, ' Gash-Barka', 1), 
(513, 17, 'Addis Ababa', 1), 
(514, 17, ' Adis Abeba (Addis Ababa)', 1), 
(515, 17, ' Afar', 1), 
(516, 17, ' Amara', 1), 
(517, 17, ' Binshangul Gumuz', 1), 
(518, 17, ' Dire Dawa', 1), 
(519, 17, ' Gambela Hizboch', 1), 
(520, 17, ' Hareri Hizb', 1), 
(521, 17, ' Oromiya', 1), 
(522, 17, ' Sumale (Somali)', 1), 
(523, 17, ' Tigray', 1), 
(524, 17, ' YeDebub Biheroch Bihereseboch...', 1), 
(525, 18, 'Libreville', 1), 
(526, 19, 'Estuaire', 1), 
(527, 19, ' Haut-Ogooue', 1), 
(528, 19, ' Moyen-Ogooue', 1), 
(529, 19, ' Ngounie', 1), 
(530, 19, ' Nyanga', 1), 
(531, 19, ' Ogooue-Ivindo', 1), 
(532, 19, ' Ogooue-Lolo', 1), 
(533, 19, ' Ogooue-Maritime', 1), 
(534, 19, ' Woleu-Ntem', 1), 
(535, 20, 'Accra', 1), 
(536, 20, ' Ashanti', 1), 
(537, 20, ' Brong-Ahafo', 1), 
(538, 20, ' Central', 1), 
(539, 20, ' Eastern', 1), 
(540, 20, ' Northern', 1), 
(541, 20, ' Upper East', 1), 
(542, 20, ' Upper West', 1), 
(543, 20, ' Volta', 1), 
(544, 20, ' Western', 1), 
(545, 21, 'Conakry', 1), 
(546, 21, ' Beyla', 1), 
(547, 21, ' Boffa', 1), 
(548, 21, ' Boke', 1), 
(549, 21, ' Coyah', 1), 
(550, 21, ' Dabola', 1), 
(551, 21, ' Dalaba', 1), 
(552, 21, ' Dinguiraye', 1), 
(553, 21, ' Dubreka', 1), 
(554, 21, ' Faranah', 1), 
(555, 21, ' Forecariah', 1), 
(556, 21, ' Fria', 1), 
(557, 21, ' Gaoual', 1), 
(558, 21, ' Gueckedou', 1), 
(559, 21, ' Kankan', 1), 
(560, 21, ' Kerouane', 1), 
(561, 21, ' Kindia', 1), 
(562, 21, ' Kissidougou', 1), 
(563, 21, ' Koubia', 1), 
(564, 21, ' Koundara', 1), 
(565, 21, ' Kouroussa', 1), 
(566, 21, ' Labe', 1), 
(567, 21, ' Lelouma', 1), 
(568, 21, ' Lola', 1), 
(569, 21, ' Macenta', 1), 
(570, 21, ' Mali', 1), 
(571, 21, ' Mamou', 1), 
(572, 21, ' Mandiana', 1), 
(573, 21, ' Nzerekore', 1), 
(574, 21, ' Pita', 1), 
(575, 21, ' Siguiri', 1), 
(576, 21, ' Telimele', 1), 
(577, 21, ' Tougue', 1), 
(578, 21, ' Yomou', 1), 
(579, 22, 'Bissau', 1), 
(580, 22, ' Bafata', 1), 
(581, 22, ' Biombo', 1), 
(582, 22, ' Bolama/Bijagos', 1), 
(583, 22, ' Cacheu', 1), 
(584, 22, ' Gabu', 1), 
(585, 22, ' Oio', 1), 
(586, 22, ' Quinara', 1), 
(587, 22, ' Tombali', 1), 
(588, 23, 'Nairobi', 1), 
(589, 23, ' Central', 1), 
(590, 23, ' Coast', 1), 
(591, 23, ' Eastern', 1), 
(592, 23, ' Nairobi Area', 1), 
(593, 23, ' North Eastern', 1), 
(594, 23, ' Nyanza', 1), 
(595, 23, ' Rift Valley', 1), 
(596, 23, ' Western', 1), 
(597, 24, 'Maseru', 1), 
(598, 24, ' Berea', 1), 
(599, 24, ' Butha-Buthe', 1), 
(600, 24, ' Leribe', 1), 
(601, 24, ' Mafeteng', 1), 
(602, 24, ' Mohales Hoek', 1), 
(603, 24, ' Mokhotlong', 1), 
(604, 24, ' Qacha\'s Nek', 1), 
(605, 24, ' Quthing', 1), 
(606, 24, ' Thaba-Tseka', 1), 
(607, 25, 'Monrovia', 1), 
(608, 25, ' Bomi', 1), 
(609, 25, ' Bong', 1), 
(610, 25, ' Gparbolu', 1), 
(611, 25, ' Grand Bassa', 1), 
(612, 25, ' Grand Cape Mount', 1), 
(613, 25, ' Grand Gedeh', 1), 
(614, 25, ' Grand Kru', 1), 
(615, 25, ' Lofa', 1), 
(616, 25, ' Margibi', 1), 
(617, 25, ' Maryland', 1), 
(618, 25, ' Montserrado', 1), 
(619, 25, ' Nimba', 1), 
(620, 25, ' River Cess', 1), 
(621, 25, ' River Gee', 1), 
(622, 25, ' Sinoe', 1), 
(623, 26, 'Tripoli', 1), 
(624, 26, ' Ajdabiya', 1), 
(625, 26, ' Al \'Aziziyah', 1), 
(626, 26, ' Al Fatih', 1), 
(627, 26, ' Al Jabal al Akhdar', 1), 
(628, 26, ' Al Jufrah', 1), 
(629, 26, ' Al Khums', 1), 
(630, 26, ' Al Kufrah', 1), 
(631, 26, ' An Nuqat al Khams', 1), 
(632, 26, ' Ash Shati\'Awbari', 1), 
(633, 26, ' Az Zawiyah', 1), 
(634, 26, ' Banghazi', 1), 
(635, 26, ' Darnah', 1), 
(636, 26, ' Ghadamis', 1), 
(637, 26, ' Gharyan', 1), 
(638, 26, ' Misratah', 1), 
(639, 26, ' Murzuq', 1), 
(640, 26, ' Sabha', 1), 
(641, 26, ' Sawfajjin', 1), 
(642, 26, ' Surt', 1), 
(643, 26, ' Tarabulus', 1), 
(644, 26, ' Tarhunah', 1), 
(645, 26, ' Tubruq', 1), 
(646, 26, ' Yafran', 1), 
(647, 26, ' Zlitan', 1), 
(648, 27, 'Antananarivo', 1), 
(649, 27, ' Antsiranana', 1), 
(650, 27, ' Fianarantsoa', 1), 
(651, 27, ' Mahajanga', 1), 
(652, 27, ' Toamasina', 1), 
(653, 27, ' Toliara', 1), 
(654, 28, 'Lilongwe', 1), 
(655, 28, ' Balaka', 1), 
(656, 28, ' Blantyre', 1), 
(657, 28, ' Chikwawa', 1), 
(658, 28, ' Chiradzulu', 1), 
(659, 28, ' Chitipa', 1), 
(660, 28, ' Dedza', 1), 
(661, 28, ' Dowa', 1), 
(662, 28, ' Karonga', 1), 
(663, 28, ' Kasungu', 1), 
(664, 28, ' Likoma', 1), 
(665, 28, ' Machinga (Kasupe)', 1), 
(666, 28, ' Mangochi', 1), 
(667, 28, ' Mchinji', 1), 
(668, 28, ' Mulanje', 1), 
(669, 28, ' Mwanza', 1), 
(670, 28, ' Mzimba', 1), 
(671, 28, ' Ntcheu', 1), 
(672, 28, ' Nkhata Bay', 1), 
(673, 28, ' Nkhotakota', 1), 
(674, 28, ' Nsanje', 1), 
(675, 28, ' Ntchisi', 1), 
(676, 28, ' Phalombe', 1), 
(677, 28, ' Rumphi', 1), 
(678, 28, ' Salima', 1), 
(679, 28, ' Thyolo', 1), 
(680, 28, ' Zomba', 1), 
(681, 29, 'Bamako', 1), 
(682, 29, ' Gao', 1), 
(683, 29, ' Kayes', 1), 
(684, 29, ' Kidal', 1), 
(685, 29, ' Koulikoro', 1), 
(686, 29, ' Mopti', 1), 
(687, 29, ' Segou', 1), 
(688, 29, ' Sikasso', 1), 
(689, 29, ' Tombouctou', 1), 
(690, 30, 'Nouakchott', 1), 
(691, 30, ' Adrar', 1), 
(692, 30, ' Assaba', 1), 
(693, 30, ' Brakna', 1), 
(694, 30, ' Dakhlet Nouadhibou', 1), 
(695, 30, ' Gorgol', 1), 
(696, 30, ' Guidimaka', 1), 
(697, 30, ' Hodh Ech Chargui', 1), 
(698, 30, ' Hodh El Gharbi', 1), 
(699, 30, ' Inchiri', 1), 
(700, 30, ' Tagant', 1), 
(701, 30, ' Tiris Zemmour', 1), 
(702, 30, ' Trarza', 1), 
(703, 31, 'Port Louis', 1), 
(704, 31, ' Agalega Islands', 1), 
(705, 31, ' Black River', 1), 
(706, 31, ' Cargados Carajos Shoals', 1), 
(707, 31, ' Flacq', 1), 
(708, 31, ' Grand Port', 1), 
(709, 31, ' Moka', 1), 
(710, 31, ' Pamplemousses', 1), 
(711, 31, ' Plaines Wilhems', 1), 
(712, 31, ' Riviere du Rempart', 1), 
(713, 31, ' Rodrigues', 1), 
(714, 31, ' Savanne', 1), 
(715, 32, 'Rabat', 1), 
(716, 32, ' Ad Dakhla (Oued Eddahab)', 1), 
(717, 32, ' Agadir', 1), 
(718, 32, ' Al Hoceima', 1), 
(719, 32, ' Azilal', 1), 
(720, 32, ' Beni Mellal', 1), 
(721, 32, ' Ben Slimane', 1), 
(722, 32, ' Boujdour', 1), 
(723, 32, ' Boulemane', 1), 
(724, 32, ' Casablanca', 1), 
(725, 32, ' Chaouen', 1), 
(726, 32, ' El Jadida', 1), 
(727, 32, ' El Kelaa des Sraghna', 1), 
(728, 32, ' Er Rachidia', 1), 
(729, 32, ' Essaouira', 1), 
(730, 32, ' Es Smara', 1), 
(731, 32, ' Fes', 1), 
(732, 32, ' Figuig', 1), 
(733, 32, ' Guelmim', 1), 
(734, 32, ' Ifrane', 1), 
(735, 32, ' Kenitra', 1), 
(736, 32, ' Khemisset', 1), 
(737, 32, ' Khenifra', 1), 
(738, 32, ' Khouribga', 1), 
(739, 32, ' Laayoune', 1), 
(740, 32, ' Larache', 1), 
(741, 32, ' Marrakech', 1), 
(742, 32, ' Meknes', 1), 
(743, 32, ' Nador', 1), 
(744, 32, ' Ouarzazate', 1), 
(745, 32, ' Oujda', 1), 
(746, 32, ' Safi', 1), 
(747, 32, ' Settat', 1), 
(748, 32, ' Sidi Kacem', 1), 
(749, 32, ' Tanger', 1), 
(750, 32, ' Tan-Tan', 1), 
(751, 32, ' Taounate', 1), 
(752, 32, ' Taroudannt', 1), 
(753, 32, ' Tata', 1), 
(754, 32, ' Taza', 1), 
(755, 32, ' Tetouan', 1), 
(756, 32, ' Tiznit', 1), 
(757, 33, 'Maputo', 1), 
(758, 33, ' Cabo Delgado', 1), 
(759, 33, ' Gaza', 1), 
(760, 33, ' Inhambane', 1), 
(761, 33, ' Manica', 1), 
(762, 33, ' Maputo', 1), 
(763, 33, ' Nampula', 1), 
(764, 33, ' Niassa', 1), 
(765, 33, ' Sofala', 1), 
(766, 33, ' Tete', 1), 
(767, 33, ' Zambezia', 1), 
(768, 34, 'Windhoek', 1), 
(769, 34, ' Caprivi', 1), 
(770, 34, ' Erongo', 1), 
(771, 34, ' Hardap', 1), 
(772, 34, ' Karas', 1), 
(773, 34, ' Khomas', 1), 
(774, 34, ' Kunene', 1), 
(775, 34, ' Ohangwena', 1), 
(776, 34, ' Okavango', 1), 
(777, 34, ' Omaheke', 1), 
(778, 34, ' Omusati', 1), 
(779, 34, ' Oshana', 1), 
(780, 34, ' Oshikoto', 1), 
(781, 34, ' Otjozondjupa', 1), 
(782, 35, 'Niamey', 1), 
(783, 35, ' Agadez', 1), 
(784, 35, ' Diffa', 1), 
(785, 35, ' Dosso', 1), 
(786, 35, ' Maradi', 1), 
(787, 35, ' Tahoua', 1), 
(788, 35, ' Tillaberi', 1), 
(789, 35, ' Zinder', 1), 
(790, 36, 'Abuja', 1), 
(791, 36, ' Abia', 1), 
(792, 36, ' Adamawa', 1), 
(793, 36, ' Akwa Ibom', 1), 
(794, 36, ' Anambra', 1), 
(795, 36, ' Bauchi', 1), 
(796, 36, ' Bayelsa', 1), 
(797, 36, ' Benue', 1), 
(798, 36, ' Borno', 1), 
(799, 36, ' Cross River', 1), 
(800, 36, ' Delta', 1), 
(801, 36, ' Ebonyi', 1), 
(802, 36, ' Edo', 1), 
(803, 36, ' Ekiti', 1), 
(804, 36, ' Enugu', 1), 
(805, 36, ' Gombe', 1), 
(806, 36, ' Imo', 1), 
(807, 36, ' Jigawa', 1), 
(808, 36, ' Kaduna', 1), 
(809, 36, ' Kano', 1), 
(810, 36, ' Katsina', 1), 
(811, 36, ' Kebbi', 1), 
(812, 36, ' Kogi', 1), 
(813, 36, ' Kwara', 1), 
(814, 36, ' Lagos', 1), 
(815, 36, ' Nassarawa', 1), 
(816, 36, ' Niger', 1), 
(817, 36, ' Ogun', 1), 
(818, 36, ' Ondo', 1), 
(819, 36, ' Osun', 1), 
(820, 36, ' Oyo', 1), 
(821, 36, ' Plateau', 1), 
(822, 36, ' Rivers', 1), 
(823, 36, ' Sokoto', 1), 
(824, 36, ' Taraba', 1), 
(825, 36, ' Yobe', 1), 
(826, 36, ' Zamfara', 1), 
(827, 37, 'Kigali', 1), 
(828, 37, ' Butare', 1), 
(829, 37, ' Byumba', 1), 
(830, 37, ' Cyangugu', 1), 
(831, 37, ' Gikongoro', 1), 
(832, 37, ' Gisenyi', 1), 
(833, 37, ' Gitarama', 1), 
(834, 37, ' Kibungo', 1), 
(835, 37, ' Kibuye', 1), 
(836, 37, ' Ruhengeri', 1), 
(837, 37, ' Umutara', 1), 
(838, 38, 'Sao Tome', 1), 
(839, 38, ' Principe', 1), 
(840, 39, 'Dakar', 1), 
(841, 39, ' Diourbel', 1), 
(842, 39, ' Fatick', 1), 
(843, 39, ' Kaolack', 1), 
(844, 39, ' Kolda', 1), 
(845, 39, ' Louga', 1), 
(846, 39, ' Matam', 1), 
(847, 39, ' Saint-Louis', 1), 
(848, 39, ' Tambacounda', 1), 
(849, 39, ' Thies', 1), 
(850, 39, ' Ziguinchor', 1), 
(851, 40, 'Victoria', 1), 
(852, 40, ' Anse aux Pins', 1), 
(853, 40, ' Anse Boileau', 1), 
(854, 40, ' Anse Etoile', 1), 
(855, 40, ' Anse Louis', 1), 
(856, 40, ' Anse Royale', 1), 
(857, 40, ' Baie Lazare', 1), 
(858, 40, ' Baie Sainte Anne', 1), 
(859, 40, ' Beau Vallon', 1), 
(860, 40, ' Bel Air', 1), 
(861, 40, ' Bel Ombre', 1), 
(862, 40, ' Cascade', 1), 
(863, 40, ' Glacis', 1), 
(864, 40, ' Grand\' Anse (on Mahe)', 1), 
(865, 40, ' Grand\' Anse (on Praslin)', 1), 
(866, 40, ' La Digue', 1), 
(867, 40, ' La Riviere Anglaise', 1), 
(868, 40, ' Mont Buxton', 1), 
(869, 40, ' Mont Fleuri', 1), 
(870, 40, ' Plaisance', 1), 
(871, 40, ' Pointe La Rue', 1), 
(872, 40, ' Port Glaud', 1), 
(873, 40, ' Saint Louis', 1), 
(874, 40, ' Takamaka', 1), 
(875, 41, 'Freetown', 1), 
(876, 41, ' Eastern', 1), 
(877, 41, ' Northern', 1), 
(878, 41, ' Southern', 1), 
(879, 41, ' Western', 1), 
(880, 42, 'Mogadishu', 1), 
(881, 42, ' Awdal', 1), 
(882, 42, ' Bakool', 1), 
(883, 42, ' Banaadir', 1), 
(884, 42, ' Bari', 1), 
(885, 42, ' Bay', 1), 
(886, 42, ' Galguduud', 1), 
(887, 42, ' Gedo', 1), 
(888, 42, ' Hiiraan', 1), 
(889, 42, ' Jubbada Dhexe', 1), 
(890, 42, ' Jubbada Hoose', 1), 
(891, 42, ' Mudug', 1), 
(892, 42, ' Nugaal', 1), 
(893, 42, ' Sanaag', 1), 
(894, 42, ' Shabeellaha Dhexe', 1), 
(895, 42, ' Shabeellaha Hoose', 1), 
(896, 42, ' Sool', 1), 
(897, 42, ' Togdheer', 1), 
(898, 42, ' Woqooyi Galbeed', 1), 
(899, 43, 'Pretoria', 1), 
(900, 43, ' Eastern Cape', 1), 
(901, 43, ' Free State', 1), 
(902, 43, ' Gauteng', 1), 
(903, 43, ' KwaZulu-Natal', 1), 
(904, 43, ' Mpumalanga', 1), 
(905, 43, ' North-West', 1), 
(906, 43, ' Northern Cape', 1), 
(907, 43, ' Northern Province/Limpopo', 1), 
(908, 43, ' Western Cape', 1), 
(909, 44, 'Khartoum', 1), 
(910, 44, ' A\'ali an Nil', 1), 
(911, 44, ' Al Bahr al Ahmar', 1), 
(912, 44, ' Al Buhayrat', 1), 
(913, 44, ' Al Jazirah', 1), 
(914, 44, ' Al Khartum', 1), 
(915, 44, ' Al Qadarif', 1), 
(916, 44, ' Al Wahdah', 1), 
(917, 44, ' An Nil al Abyad', 1), 
(918, 44, ' An Nil al Azraq', 1), 
(919, 44, ' Ash Shamaliyah', 1), 
(920, 44, ' Bahr al Jabal', 1), 
(921, 44, ' Gharb al Istiwa\'iyah', 1), 
(922, 44, ' Gharb Bahr al Ghazal', 1), 
(923, 44, ' Gharb Darfur', 1), 
(924, 44, ' Gharb Kurdufan', 1), 
(925, 44, ' Janub Darfur', 1), 
(926, 44, ' Janub Kurdufan', 1), 
(927, 44, ' Junqali', 1), 
(928, 44, ' Kassala', 1), 
(929, 44, ' Nahr an Nil', 1), 
(930, 44, ' Shamal Bahr al Ghazal', 1), 
(931, 44, ' Shamal Darfur', 1), 
(932, 44, ' Shamal Kurdufan', 1), 
(933, 44, ' Sharq al Istiwa\'iyah', 1), 
(934, 44, ' Sinnar', 1), 
(935, 44, ' Warab', 1), 
(936, 45, 'Lobamba/Mbabane', 1), 
(937, 45, ' Hhohho', 1), 
(938, 45, ' Lubombo', 1), 
(939, 45, ' Manzini', 1), 
(940, 45, ' Shiselweni', 1), 
(941, 46, 'Dodoma', 1), 
(942, 46, ' Arusha', 1), 
(943, 46, ' Dar es Salaam', 1), 
(944, 46, ' Iringa', 1), 
(945, 46, ' Kagera', 1), 
(946, 46, ' Kigoma', 1), 
(947, 46, ' Kilimanjaro', 1), 
(948, 46, ' Lindi', 1), 
(949, 46, ' Mara', 1), 
(950, 46, ' Mbeya', 1), 
(951, 46, ' Morogoro', 1), 
(952, 46, ' Mtwara', 1), 
(953, 46, ' Mwanza', 1), 
(954, 46, ' Pemba North', 1), 
(955, 46, ' Pemba South', 1), 
(956, 46, ' Pwani', 1), 
(957, 46, ' Rukwa', 1), 
(958, 46, ' Ruvuma', 1), 
(959, 46, ' Shinyanga', 1), 
(960, 46, ' Singida', 1), 
(961, 46, ' Tabora', 1), 
(962, 46, ' Tanga', 1), 
(963, 46, ' Zanzibar Central/South', 1), 
(964, 46, ' Zanzibar North', 1), 
(965, 46, ' Zanzibar Urban/West', 1), 
(966, 47, 'Lome', 1), 
(967, 47, ' De La Kara', 1), 
(968, 47, ' Des Plateaux', 1), 
(969, 47, ' Des Savanes', 1), 
(970, 47, ' Centrale', 1), 
(971, 47, ' Maritime', 1), 
(972, 48, 'Tunis', 1), 
(973, 48, ' Ariana', 1), 
(974, 48, ' Beja', 1), 
(975, 48, ' Ben Arous', 1), 
(976, 48, ' Bizerte', 1), 
(977, 48, ' El Kef', 1), 
(978, 48, ' Gabes', 1), 
(979, 48, ' Gafsa', 1), 
(980, 48, ' Jendouba', 1), 
(981, 48, ' Kairouan', 1), 
(982, 48, ' Kasserine', 1), 
(983, 48, ' Kebili', 1), 
(984, 48, ' Mahdia', 1), 
(985, 48, ' Medenine', 1), 
(986, 48, ' Monastir', 1), 
(987, 48, ' Nabeul', 1), 
(988, 48, ' Sfax', 1), 
(989, 48, ' Sidi Bou Zid', 1), 
(990, 48, ' Siliana', 1), 
(991, 48, ' Sousse', 1), 
(992, 48, ' Tataouine', 1), 
(993, 48, ' Tozeur', 1), 
(994, 48, ' Zaghouan', 1), 
(995, 49, 'Kampala', 1), 
(996, 49, ' Adjumani', 1), 
(997, 49, ' Apac', 1), 
(998, 49, ' Arua', 1), 
(999, 49, ' Bugiri', 1), 
(1000, 49, ' Bundibugyo', 1), 
(1001, 49, ' Bushenyi', 1);

insert  into zonas values 
(1002, 49, ' Busia', 1), 
(1003, 49, ' Gulu', 1), 
(1004, 49, ' Hoima', 1), 
(1005, 49, ' Iganga', 1), 
(1006, 49, ' Jinja', 1), 
(1007, 49, ' Kabale', 1), 
(1008, 49, ' Kabarole', 1), 
(1009, 49, ' Kaberamaido', 1), 
(1010, 49, ' Kalangala', 1), 
(1011, 49, ' Kamuli', 1), 
(1012, 49, ' Kamwenge', 1), 
(1013, 49, ' Kanungu', 1), 
(1014, 49, ' Kapchorwa', 1), 
(1015, 49, ' Kasese', 1), 
(1016, 49, ' Katakwi', 1), 
(1017, 49, ' Kayunga', 1), 
(1018, 49, ' Kibale', 1), 
(1019, 49, ' Kiboga', 1), 
(1020, 49, ' Kisoro', 1), 
(1021, 49, ' Kitgum', 1), 
(1022, 49, ' Kotido', 1), 
(1023, 49, ' Kumi', 1), 
(1024, 49, ' Kyenjojo', 1), 
(1025, 49, ' Lira', 1), 
(1026, 49, ' Luwero', 1), 
(1027, 49, ' Masaka', 1), 
(1028, 49, ' Masindi', 1), 
(1029, 49, ' Mayngc', 1), 
(1030, 49, ' Mbale', 1), 
(1031, 49, ' Mbarara', 1), 
(1032, 49, ' Moroto', 1), 
(1033, 49, ' Moyo', 1), 
(1034, 49, ' Mpigi', 1), 
(1035, 49, ' Mubende', 1), 
(1036, 49, ' Mukono', 1), 
(1037, 49, ' Nakapiripiti', 1), 
(1038, 49, ' Nakasongola', 1), 
(1039, 49, ' Nebbi', 1), 
(1040, 49, ' Ntungamo', 1), 
(1041, 49, ' Pader', 1), 
(1042, 49, ' Pallisa', 1), 
(1043, 49, ' Rakai', 1), 
(1044, 49, ' Rukungiri', 1), 
(1045, 49, ' Sembabule', 1), 
(1046, 49, ' Sironko', 1), 
(1047, 49, ' Soroti', 1), 
(1048, 49, ' Tororo', 1), 
(1049, 49, ' Wakiso', 1), 
(1050, 49, ' Yumbe', 1), 
(1051, 50, 'Lusaka', 1), 
(1052, 50, ' Central', 1), 
(1053, 50, ' Copperbelt', 1), 
(1054, 50, ' Eastern', 1), 
(1055, 50, ' Luapula', 1), 
(1056, 50, ' Lusaka', 1), 
(1057, 50, ' Northern', 1), 
(1058, 50, ' North-Western', 1), 
(1059, 50, ' Southern', 1), 
(1060, 50, ' Western', 1), 
(1061, 51, 'Harare', 1), 
(1062, 51, ' Bulawayo', 1), 
(1063, 51, ' Manicaland', 1), 
(1064, 51, ' Mashonaland Central', 1), 
(1065, 51, ' Mashonaland East', 1), 
(1066, 51, ' Mashonaland West', 1), 
(1067, 51, ' Masvingo', 1), 
(1068, 51, ' Matabeleland North', 1), 
(1069, 51, ' Matabeleland South', 1), 
(1070, 51, ' Midlands', 1), 
(1071, 52, 'Dhaka', 1), 
(1072, 52, ' Barisal', 1), 
(1073, 52, ' Chittagong', 1), 
(1074, 52, ' Khulna', 1), 
(1075, 52, ' Rajshahi', 1), 
(1076, 52, ' Sylhet', 1), 
(1077, 53, 'Thimphu', 1), 
(1078, 53, ' Bumthang', 1), 
(1079, 53, ' Chhukha', 1), 
(1080, 53, ' Chirang', 1), 
(1081, 53, ' Dagana', 1), 
(1082, 53, ' Gasa', 1), 
(1083, 53, ' Geylegphug', 1), 
(1084, 53, ' Ha', 1), 
(1085, 53, ' Lhuntshi', 1), 
(1086, 53, ' Mongar', 1), 
(1087, 53, ' Paro', 1), 
(1088, 53, ' Pemagatsel', 1), 
(1089, 53, ' Punakha', 1), 
(1090, 53, ' Samchi', 1), 
(1091, 53, ' Samdrup Jongkhar', 1), 
(1092, 53, ' Shemgang', 1), 
(1093, 53, ' Tashigang', 1), 
(1094, 53, ' Tongsa', 1), 
(1095, 53, ' Wangdi Phodrang', 1), 
(1096, 53, ' Yangtse', 1), 
(1097, 54, 'Bandar Seri Begawan', 1), 
(1098, 54, ' Belait', 1), 
(1099, 54, ' Brunei/Muara', 1), 
(1100, 54, ' Temburong', 1), 
(1101, 54, ' Tutong', 1), 
(1102, 55, 'Rangoon', 1), 
(1103, 55, ' Ayeyarwady', 1), 
(1104, 55, ' Bago', 1), 
(1105, 55, ' Chin', 1), 
(1106, 55, ' Kachin', 1), 
(1107, 55, ' Kayin', 1), 
(1108, 55, ' Kayah', 1), 
(1109, 55, ' Magway', 1), 
(1110, 55, ' Mandalay', 1), 
(1111, 55, ' Mon', 1), 
(1112, 55, ' Rakhine', 1), 
(1113, 55, ' Sagaing', 1), 
(1114, 55, ' Shan', 1), 
(1115, 55, ' Tanintharyi', 1), 
(1116, 55, ' Yangon', 1), 
(1117, 56, 'Phnom Penh', 1), 
(1118, 56, ' Banteay Mean Cheay', 1), 
(1119, 56, ' Batdambang', 1), 
(1120, 56, ' Kampong Cham', 1), 
(1121, 56, ' Kampong Chhnang', 1), 
(1122, 56, ' Kampong Spoe', 1), 
(1123, 56, ' Kampong Thum', 1), 
(1124, 56, ' Kampot', 1), 
(1125, 56, ' Kandal', 1), 
(1126, 56, ' Kaoh Kong', 1), 
(1127, 56, ' Keb', 1), 
(1128, 56, ' Kracheh', 1), 
(1129, 56, ' Mondol Kiri', 1), 
(1130, 56, ' Otdar Mean Cheay', 1), 
(1131, 56, ' Pailin', 1), 
(1132, 56, ' Pouthisat', 1), 
(1133, 56, ' Preah Seihanu (Sihanoukville)', 1), 
(1134, 56, ' Preah Vihear', 1), 
(1135, 56, ' Prey Veng', 1), 
(1136, 56, ' Rotanah Kiri', 1), 
(1137, 56, ' Siem Reab', 1), 
(1138, 56, ' Stoeng Treng', 1), 
(1139, 56, ' Svay Rieng', 1), 
(1140, 56, ' Takev', 1), 
(1141, 57, 'Beijing', 1), 
(1142, 57, ' Anhui', 1), 
(1143, 57, ' Chongqing', 1), 
(1144, 57, ' Fujian', 1), 
(1145, 57, ' Gansu', 1), 
(1146, 57, ' Guangdong', 1), 
(1147, 57, ' Guangxi', 1), 
(1148, 57, ' Guizhou', 1), 
(1149, 57, ' Hainan', 1), 
(1150, 57, ' Hebei', 1), 
(1151, 57, ' Heilongjiang', 1), 
(1152, 57, ' Henan', 1), 
(1153, 57, ' Hubei', 1), 
(1154, 57, ' Hunan', 1), 
(1155, 57, ' Jiangsu', 1), 
(1156, 57, ' Jiangxi', 1), 
(1157, 57, ' Jilin', 1), 
(1158, 57, ' Liaoning', 1), 
(1159, 57, ' Nei Mongol', 1), 
(1160, 57, ' Ningxia', 1), 
(1161, 57, ' Qinghai', 1), 
(1162, 57, ' Shaanxi', 1), 
(1163, 57, ' Shandong', 1), 
(1164, 57, ' Shanghai', 1), 
(1165, 57, ' Shanxi', 1), 
(1166, 57, ' Sichuan', 1), 
(1167, 57, ' Tianjin', 1), 
(1168, 57, ' Xinjiang', 1), 
(1169, 57, ' Xizang (Tibet)', 1), 
(1170, 57, ' Yunnan', 1), 
(1171, 57, ' Zhejiang', 1), 
(1172, 58, 'Dili', 1), 
(1173, 58, ' Aileu', 1), 
(1174, 58, ' Ainaro', 1), 
(1175, 58, ' Baucau', 1), 
(1176, 58, ' Bobonaro (Maliana)', 1), 
(1177, 58, ' Cova-Lima (Suai)', 1), 
(1178, 58, ' Ermera', 1), 
(1179, 58, ' Lautem (Los Palos)', 1), 
(1180, 58, ' Liquica', 1), 
(1181, 58, ' Manatuto', 1), 
(1182, 58, ' Manufahi (Same)', 1), 
(1183, 58, ' Oecussi (Ambeno)', 1), 
(1184, 58, ' Viqueque', 1), 
(1185, 59, 'New Delhi', 1), 
(1186, 59, ' Andaman/Nicobar Islands', 1), 
(1187, 59, ' Andhra Pradesh', 1), 
(1188, 59, ' Arunachal Pradesh', 1), 
(1189, 59, ' Assam', 1), 
(1190, 59, ' Bihar', 1), 
(1191, 59, ' Chandigarh', 1), 
(1192, 59, ' Chhattisgarh', 1), 
(1193, 59, ' Dadra/Nagar Haveli', 1), 
(1194, 59, ' Daman/Diu', 1), 
(1195, 59, ' Goa', 1), 
(1196, 59, ' Gujarat', 1), 
(1197, 59, ' Haryana', 1), 
(1198, 59, ' Himachal Pradesh', 1), 
(1199, 59, ' Jammu/Kashmir', 1), 
(1200, 59, ' Jharkhand', 1), 
(1201, 59, ' Karnataka', 1), 
(1202, 59, ' Kerala', 1), 
(1203, 59, ' Lakshadweep', 1), 
(1204, 59, ' Madhya Pradesh', 1), 
(1205, 59, ' Maharashtra', 1), 
(1206, 59, ' Manipur', 1), 
(1207, 59, ' Meghalaya', 1), 
(1208, 59, ' Mizoram', 1), 
(1209, 59, ' Nagaland', 1), 
(1210, 59, ' Orissa', 1), 
(1211, 59, ' Pondicherry', 1), 
(1212, 59, ' Punjab', 1), 
(1213, 59, ' Rajasthan', 1), 
(1214, 59, ' Sikkim', 1), 
(1215, 59, ' Tamil Nadu', 1), 
(1216, 59, ' Tripura', 1), 
(1217, 59, ' Uttaranchal', 1), 
(1218, 59, ' Uttar Pradesh', 1), 
(1219, 59, ' West Bengal', 1), 
(1220, 60, 'Jakarta', 1), 
(1221, 60, ' Aceh', 1), 
(1222, 60, ' Bali', 1), 
(1223, 60, ' Banten', 1), 
(1224, 60, ' Bengkulu', 1), 
(1225, 60, ' Gorontalo', 1), 
(1226, 60, ' Jakarta Raya', 1), 
(1227, 60, ' Jambi', 1), 
(1228, 60, ' Jawa Barat', 1), 
(1229, 60, ' Jawa Tengah', 1), 
(1230, 60, ' Jawa Timur', 1), 
(1231, 60, ' Kalimantan Barat', 1), 
(1232, 60, ' Kalimantan Selatan', 1), 
(1233, 60, ' Kalimantan Tengah', 1), 
(1234, 60, ' Kalimantan Timur', 1), 
(1235, 60, ' Kepulauan Bangka Belitung', 1), 
(1236, 60, ' Lampung', 1), 
(1237, 60, ' Maluku', 1), 
(1238, 60, ' Maluku Utara', 1), 
(1239, 60, ' Nusa Tenggara Barat', 1), 
(1240, 60, ' Nusa Tenggara Timur', 1), 
(1241, 60, ' Papua', 1), 
(1242, 60, ' Riau', 1), 
(1243, 60, ' Sulawesi Selatan', 1), 
(1244, 60, ' Sulawesi Tengah', 1), 
(1245, 60, ' Sulawesi Tenggara', 1), 
(1246, 60, ' Sulawesi Utara', 1), 
(1247, 60, ' Sumatera Barat', 1), 
(1248, 60, ' Sumatera Selatan', 1), 
(1249, 60, ' Sumatera Utara', 1), 
(1250, 60, ' Yogyakarta', 1), 
(1251, 61, 'Tokyo', 1), 
(1252, 61, ' Aichi', 1), 
(1253, 61, ' Akita', 1), 
(1254, 61, ' Aomori', 1), 
(1255, 61, ' Chiba', 1), 
(1256, 61, ' Ehime', 1), 
(1257, 61, ' Fukui', 1), 
(1258, 61, ' Fukuoka', 1), 
(1259, 61, ' Fukushima', 1), 
(1260, 61, ' Gifu', 1), 
(1261, 61, ' Gumma', 1), 
(1262, 61, ' Hiroshima', 1), 
(1263, 61, ' Hokkaido', 1), 
(1264, 61, ' Hyogo', 1), 
(1265, 61, ' Ibaraki', 1), 
(1266, 61, ' Ishikawa', 1), 
(1267, 61, ' Iwate', 1), 
(1268, 61, ' Kagawa', 1), 
(1269, 61, ' Kagoshima', 1), 
(1270, 61, ' Kanagawa', 1), 
(1271, 61, ' Kochi', 1), 
(1272, 61, ' Kumamoto', 1), 
(1273, 61, ' Kyoto', 1), 
(1274, 61, ' Mie', 1), 
(1275, 61, ' Miyagi', 1), 
(1276, 61, ' Miyazaki', 1), 
(1277, 61, ' Nagano', 1), 
(1278, 61, ' Nagasaki', 1), 
(1279, 61, ' Nara', 1), 
(1280, 61, ' Niigata', 1), 
(1281, 61, ' Oita', 1), 
(1282, 61, ' Okayama', 1), 
(1283, 61, ' Okinawa', 1), 
(1284, 61, ' Osaka', 1), 
(1285, 61, ' Saga', 1), 
(1286, 61, ' Saitama', 1), 
(1287, 61, ' Shiga', 1), 
(1288, 61, ' Shimane', 1), 
(1289, 61, ' Shizuoka', 1), 
(1290, 61, ' Tochigi', 1), 
(1291, 61, ' Tokushima', 1), 
(1292, 61, ' Tokyo', 1), 
(1293, 61, ' Tottori', 1), 
(1294, 61, ' Toyama', 1), 
(1295, 61, ' Wakayama', 1), 
(1296, 61, ' Yamagata', 1), 
(1297, 61, ' Yamaguchi', 1), 
(1298, 61, ' Yamanashi', 1), 
(1299, 62, 'Astana', 1), 
(1300, 62, ' Almaty', 1), 
(1301, 62, ' Almaty', 1), 
(1302, 62, ' Aqmola', 1), 
(1303, 62, ' Aqtobe', 1), 
(1304, 62, ' Astana', 1), 
(1305, 62, ' Atyrau', 1), 
(1306, 62, ' Batys Qazaqstan', 1), 
(1307, 62, ' Bayqongyr', 1), 
(1308, 62, ' Mangghystau', 1), 
(1309, 62, ' Ongtustik Qazaqstan', 1), 
(1310, 62, ' Pavlodar', 1), 
(1311, 62, ' Qaraghandy', 1), 
(1312, 62, ' Qostanay', 1), 
(1313, 62, ' Qyzylorda', 1), 
(1314, 62, ' Shyghys Qazaqstan', 1), 
(1315, 62, ' Soltustik Qazaqstan', 1), 
(1316, 62, ' Zhambyl', 1), 
(1317, 63, 'P\'yongyang', 1), 
(1318, 63, ' Chagang-do', 1), 
(1319, 63, ' Hamgyong-bukto', 1), 
(1320, 63, ' Hamgyong-namdo', 1), 
(1321, 63, ' Hwanghae-bukto', 1), 
(1322, 63, ' Hwanghae-namdo', 1), 
(1323, 63, ' Kaesong-si', 1), 
(1324, 63, ' Kangwon-do', 1), 
(1325, 63, ' Najin Sonbong-si', 1), 
(1326, 63, ' Namp\'o-si', 1), 
(1327, 63, ' P\'yongan-bukto', 1), 
(1328, 63, ' P\'yongan-namdo', 1), 
(1329, 63, ' P\'yongyang-si', 1), 
(1330, 63, ' Yanggang-do', 1), 
(1331, 64, 'Seoul', 1), 
(1332, 64, ' Cheju-do', 1), 
(1333, 64, ' Cholla-bukto', 1), 
(1334, 64, ' Cholla-namdo', 1), 
(1335, 64, ' Ch\'ungch\'ong-bukto', 1), 
(1336, 64, ' Ch\'ungch\'ong-namdo', 1), 
(1337, 64, ' Inch\'on-gwangyoksi', 1), 
(1338, 64, ' Kangwon-do', 1), 
(1339, 64, ' Kwangju-gwangyoksi', 1), 
(1340, 64, ' Kyonggi-do', 1), 
(1341, 64, ' Kyongsang-bukto', 1), 
(1342, 64, ' Kyongsang-namdo', 1), 
(1343, 64, ' Pusan-gwangyoksi', 1), 
(1344, 64, ' Soul-t\'ukpyolsi', 1), 
(1345, 64, ' Taegu-gwangyoksi', 1), 
(1346, 64, ' Taejon-gwangyoksi', 1), 
(1347, 64, ' Ulsan-gwangyoksi', 1), 
(1348, 65, 'Vientiane', 1), 
(1349, 65, ' Attapu', 1), 
(1350, 65, ' Bokeo', 1), 
(1351, 65, ' Bolikhamxai', 1), 
(1352, 65, ' Champasak', 1), 
(1353, 65, ' Houaphan', 1), 
(1354, 65, ' Khammouan', 1), 
(1355, 65, ' Louangnamtha', 1), 
(1356, 65, ' Louangphabang', 1), 
(1357, 65, ' Oudomxai', 1), 
(1358, 65, ' Phongsali', 1), 
(1359, 65, ' Salavan', 1), 
(1360, 65, ' Savannakhet', 1), 
(1361, 65, ' Viangchan', 1), 
(1362, 65, ' Viangchan', 1), 
(1363, 65, ' Xaignabouli', 1), 
(1364, 65, ' Xaisomboun', 1), 
(1365, 65, ' Xekong', 1), 
(1366, 65, ' Xiangkhoang', 1), 
(1367, 66, 'Kuala Lumpur', 1), 
(1368, 66, ' Johor', 1), 
(1369, 66, ' Kedah', 1), 
(1370, 66, ' Kelantan', 1), 
(1371, 66, ' Labuan', 1), 
(1372, 66, ' Melaka', 1), 
(1373, 66, ' Negeri Sembilan', 1), 
(1374, 66, ' Pahang', 1), 
(1375, 66, ' Perak', 1), 
(1376, 66, ' Perlis', 1), 
(1377, 66, ' Pulau Pinang', 1), 
(1378, 66, ' Putrajaya', 1), 
(1379, 66, ' Sabah', 1), 
(1380, 66, ' Sarawak', 1), 
(1381, 66, ' Selangor', 1), 
(1382, 66, ' Terengganu', 1), 
(1383, 66, ' Wilayah Persekutuan', 1), 
(1384, 67, 'Maale', 1), 
(1385, 67, ' Alifu', 1), 
(1386, 67, ' Baa', 1), 
(1387, 67, ' Dhaalu', 1), 
(1388, 67, ' Faafu', 1), 
(1389, 67, ' Gaafu Alifu', 1), 
(1390, 67, ' Gaafu Dhaalu', 1), 
(1391, 67, ' Gnaviyani', 1), 
(1392, 67, ' Haa Alifu', 1), 
(1393, 67, ' Haa Dhaalu', 1), 
(1394, 67, ' Kaafu', 1), 
(1395, 67, ' Laamu', 1), 
(1396, 67, ' Lhaviyani', 1), 
(1397, 67, ' Meemu', 1), 
(1398, 67, ' Noonu', 1), 
(1399, 67, ' Raa', 1), 
(1400, 67, ' Seenu', 1), 
(1401, 67, ' Shaviyani', 1), 
(1402, 67, ' Thaa', 1), 
(1403, 67, ' Vaavu', 1), 
(1404, 68, 'Ulaanbaatar', 1), 
(1405, 68, ' Arhangay', 1), 
(1406, 68, ' Bayanhongor', 1), 
(1407, 68, ' Bayan-Olgiy', 1), 
(1408, 68, ' Bulgan', 1), 
(1409, 68, ' Darhan Uul', 1), 
(1410, 68, ' Dornod', 1), 
(1411, 68, ' Dornogovi', 1), 
(1412, 68, ' Dundgovi', 1), 
(1413, 68, ' Dzavhan', 1), 
(1414, 68, ' Govi-Altay', 1), 
(1415, 68, ' Govi-Sumber', 1), 
(1416, 68, ' Hentiy', 1), 
(1417, 68, ' Hovd', 1), 
(1418, 68, ' Hovsgol', 1), 
(1419, 68, ' Omnogovi', 1), 
(1420, 68, ' Orhon', 1), 
(1421, 68, ' Ovorhangay', 1), 
(1422, 68, ' Selenge', 1), 
(1423, 68, ' Suhbaatar', 1), 
(1424, 68, ' Tov', 1), 
(1425, 68, ' Uvs', 1), 
(1426, 69, 'Kathmandu', 1), 
(1427, 69, ' Bagmati', 1), 
(1428, 69, ' Bheri', 1), 
(1429, 69, ' Dhawalagiri', 1), 
(1430, 69, ' Gandaki', 1), 
(1431, 69, ' Janakpur', 1), 
(1432, 69, ' Karnali', 1), 
(1433, 69, ' Kosi', 1), 
(1434, 69, ' Lumbini', 1), 
(1435, 69, ' Mahakali', 1), 
(1436, 69, ' Mechi', 1), 
(1437, 69, ' Narayani', 1), 
(1438, 69, ' Rapti', 1), 
(1439, 69, ' Sagarmatha', 1), 
(1440, 69, ' Seti', 1), 
(1441, 70, 'Manila', 1), 
(1442, 70, ' Oriental', 1), 
(1443, 70, ' North Cotabato', 1), 
(1444, 70, ' Northern Samar', 1), 
(1445, 70, ' Nueva Ecija', 1), 
(1446, 70, ' Nueva Vizcaya', 1), 
(1447, 70, ' Olongapo', 1), 
(1448, 70, ' Ormoc', 1), 
(1449, 70, ' Oroquieta', 1), 
(1450, 70, ' Ozamis', 1), 
(1451, 70, ' Pagadian', 1), 
(1452, 70, ' Palawan', 1), 
(1453, 70, ' Palayan', 1), 
(1454, 70, ' Pampanga', 1), 
(1455, 70, ' Pangasinan', 1), 
(1456, 70, ' Pasay', 1), 
(1457, 70, ' Puerto Princesa', 1), 
(1458, 70, ' Quezon', 1), 
(1459, 70, ' Quezon City', 1), 
(1460, 70, ' Quirino', 1), 
(1461, 70, ' Rizal', 1), 
(1462, 70, ' Romblon', 1), 
(1463, 70, ' Roxas', 1), 
(1464, 70, ' Samar', 1), 
(1465, 70, ' San Carlos (Negros Occidental)', 1), 
(1466, 70, ' San Carlos (Pangasinan)', 1), 
(1467, 70, ' San Jose', 1), 
(1468, 70, ' San Pablo', 1), 
(1469, 70, ' Silay', 1), 
(1470, 70, ' Siquijor', 1), 
(1471, 70, ' Sorsogon', 1), 
(1472, 70, ' South Cotabato', 1), 
(1473, 70, ' Southern Leyte', 1), 
(1474, 70, ' Sultan Kudarat', 1), 
(1475, 70, ' Sulu', 1), 
(1476, 70, ' Surigao', 1), 
(1477, 70, ' Surigao del Norte', 1), 
(1478, 70, ' Surigao del Sur', 1), 
(1479, 70, ' Tacloban', 1), 
(1480, 70, ' Tagaytay', 1), 
(1481, 70, ' Tagbilaran', 1), 
(1482, 70, ' Tangub', 1), 
(1483, 70, ' Tarlac', 1), 
(1484, 70, ' Tawi-Tawi', 1), 
(1485, 70, ' Toledo', 1), 
(1486, 70, ' Trece Martires', 1), 
(1487, 70, ' Zambales', 1), 
(1488, 70, ' Zamboanga', 1), 
(1489, 70, ' Zamboanga del Norte', 1), 
(1490, 70, ' Zamboanga del Sur', 1), 
(1491, 71, 'Moskva (Moscow)', 1), 
(1492, 71, ' Adygeya (Maykop)', 1), 
(1493, 71, ' Aginskiy Buryatskiy (Aginskoye)', 1), 
(1494, 71, ' Altay (Gorno-Altaysk)', 1), 
(1495, 71, ' Altayskiy (Barnaul)', 1), 
(1496, 71, ' Amurskaya (Blagoveshchensk)', 1), 
(1497, 71, ' Arkhangel\'skaya', 1), 
(1498, 71, ' Astrakhanskaya', 1), 
(1499, 71, ' Bashkortostan (Ufa)', 1), 
(1500, 71, ' Belgorodskaya', 1), 
(1501, 71, ' Bryanskaya', 1), 
(1502, 71, ' Buryatiya (Ulan-Ude)', 1), 
(1503, 71, ' Chechnya (Groznyy)', 1), 
(1504, 71, ' Chelyabinskaya', 1), 
(1505, 71, ' Chitinskaya', 1), 
(1506, 71, ' Chukotskiy (Anadyr\')', 1), 
(1507, 71, ' Chuvashiya (Cheboksary)', 1), 
(1508, 71, ' Dagestan (Makhachkala)', 1), 
(1509, 71, ' Evenkiyskiy (Tura)', 1), 
(1510, 71, ' Ingushetiya (Nazran\')', 1), 
(1511, 71, ' Irkutskaya', 1), 
(1512, 71, ' Ivanovskaya', 1), 
(1513, 71, ' Kabardino-Balkariya (Nal\'chik)', 1), 
(1514, 71, ' Kaliningradskaya', 1), 
(1515, 71, ' Kalmykiya (Elista)', 1), 
(1516, 71, ' Kaluzhskaya', 1), 
(1517, 71, ' Kamchatskaya (Petropavlovsk-Kamchatskiy)', 1), 
(1518, 71, ' Karachayevo-Cherkesiya (Cherkessk)', 1), 
(1519, 71, ' Kareliya (Petrozavodsk)', 1), 
(1520, 71, ' Kemerovskaya', 1), 
(1521, 71, ' Khabarovskiy', 1), 
(1522, 71, ' Khakasiya (Abakan)', 1), 
(1523, 71, ' Khanty-Mansiyskiy (Khanty-Mansiysk)', 1), 
(1524, 71, ' Kirovskaya', 1), 
(1525, 71, ' Komi (Syktyvkar)', 1), 
(1526, 71, ' Koryakskiy (Palana)', 1), 
(1527, 71, ' Kostromskaya', 1), 
(1528, 71, ' Krasnodarskiy', 1), 
(1529, 71, ' Krasnoyarskiy', 1), 
(1530, 71, ' Kurganskaya', 1), 
(1531, 71, ' Kurskaya', 1), 
(1532, 71, ' Leningradskaya', 1), 
(1533, 71, ' Lipetskaya', 1), 
(1534, 71, ' Magadanskaya', 1), 
(1535, 71, ' Mariy-El (Yoshkar-Ola)', 1), 
(1536, 71, ' Mordoviya (Saransk)', 1), 
(1537, 71, ' Moskovskaya', 1), 
(1538, 71, ' Murmanskaya', 1), 
(1539, 71, ' Nenetskiy (Nar\'yan-Mar)', 1), 
(1540, 71, ' Nizhegorodskaya', 1), 
(1541, 71, ' Novgorodskaya', 1), 
(1542, 71, ' Novosibirskaya', 1), 
(1543, 71, ' Omskaya', 1), 
(1544, 71, ' Orenburgskaya', 1), 
(1545, 71, ' Orlovskaya (Orel)', 1), 
(1546, 71, ' Penzenskaya', 1), 
(1547, 71, ' Permskaya', 1), 
(1548, 71, ' Komi-Permyatskiy (Kudymkar)', 1), 
(1549, 71, ' Primorskiy (Vladivostok)', 1), 
(1550, 71, ' Pskovskaya', 1), 
(1551, 71, ' Rostovskaya', 1), 
(1552, 71, ' Ryazanskaya', 1), 
(1553, 71, ' Sakha (Yakutiya)', 1), 
(1554, 71, ' Sakhalinskaya (Yuzhno-Sakhalinsk)', 1), 
(1555, 71, ' Samarskaya', 1), 
(1556, 71, ' Sankt-Peterburg (Saint Petersburg)', 1), 
(1557, 71, ' Saratovskaya', 1), 
(1558, 71, ' Severnaya Osetiya-Alaniya [North Ossetia] (Vladik', 1), 
(1559, 71, ' Smolenskaya', 1), 
(1560, 71, ' Stavropol\'skiy', 1), 
(1561, 71, ' Sverdlovskaya (Yekaterinburg)', 1), 
(1562, 71, ' Tambovskaya', 1), 
(1563, 71, ' Tatarstan (Kazan\')', 1), 
(1564, 71, ' Taymyrskiy (Dudinka)', 1), 
(1565, 71, ' Tomskaya', 1), 
(1566, 71, ' Tul\'skaya', 1), 
(1567, 71, ' Tverskaya', 1), 
(1568, 71, ' Tyumenskaya', 1), 
(1569, 71, ' Tyva (Kyzyl)', 1), 
(1570, 71, ' Udmurtiya (Izhevsk)', 1), 
(1571, 71, ' Ul\'yanovskaya', 1), 
(1572, 71, ' Ust\'-Ordynskiy Buryatskiy (Ust\'-Ordynskiy)', 1), 
(1573, 71, ' Vladimirskaya', 1), 
(1574, 71, ' Volgogradskaya', 1), 
(1575, 71, ' Vologodskaya', 1), 
(1576, 71, ' Voronezhskaya', 1), 
(1577, 71, ' Yamalo-Nenetskiy (Salekhard)', 1), 
(1578, 71, ' Yaroslavskaya', 1), 
(1579, 71, ' Yevreyskaya', 1), 
(1580, 72, '', 1), 
(1581, 73, 'Colombo', 1), 
(1582, 73, ' Central', 1), 
(1583, 73, ' North Central', 1), 
(1584, 73, ' Northern', 1), 
(1585, 73, ' Eastern', 1), 
(1586, 73, ' North Western', 1), 
(1587, 73, ' Sabaragamuwa', 1), 
(1588, 73, ' Southern', 1), 
(1589, 73, ' Uva', 1), 
(1590, 73, ' Western', 1), 
(1591, 74, 'Taipei', 1), 
(1592, 74, ' Chang-hua', 1), 
(1593, 74, ' Chia-i', 1), 
(1594, 74, ' Chi-lung', 1), 
(1595, 74, ' Chung-hsing-hsin-ts\'un', 1), 
(1596, 74, ' Hsin-chu', 1), 
(1597, 74, ' Hua-lien', 1), 
(1598, 74, ' I-lan', 1), 
(1599, 74, ' Kao-hsiung', 1), 
(1600, 74, ' Miao-li', 1), 
(1601, 74, ' Nan-t\'ou', 1), 
(1602, 74, ' P\'eng-hu', 1), 
(1603, 74, ' P\'ing-tung', 1), 
(1604, 74, ' T\'ai-chung', 1), 
(1605, 74, ' T\'ai-nan', 1), 
(1606, 74, ' T\'ai-pei', 1), 
(1607, 74, ' T\'ai-tung', 1), 
(1608, 74, ' T\'ao-yuan/Yun-lin', 1), 
(1609, 75, 'Bangkok', 1), 
(1610, 75, ' Amnat Charoen', 1), 
(1611, 75, ' Ang Thong', 1), 
(1612, 75, ' Buriram', 1), 
(1613, 75, ' Chachoengsao', 1), 
(1614, 75, ' Chai Nat', 1), 
(1615, 75, ' Chaiyaphum', 1), 
(1616, 75, ' Chanthaburi', 1), 
(1617, 75, ' Chiang Mai', 1), 
(1618, 75, ' Chiang Rai', 1), 
(1619, 75, ' Chon Buri', 1), 
(1620, 75, ' Chumphon', 1), 
(1621, 75, ' Kalasin', 1), 
(1622, 75, ' Kamphaeng Phet', 1), 
(1623, 75, ' Kanchanaburi', 1), 
(1624, 75, ' Khon Kaen', 1), 
(1625, 75, ' Krabi', 1), 
(1626, 75, ' Lampang', 1), 
(1627, 75, ' Lamphun', 1), 
(1628, 75, ' Loei', 1), 
(1629, 75, ' Lop Buri', 1), 
(1630, 75, ' Mae Hong Son', 1), 
(1631, 75, ' Maha Sarakham', 1), 
(1632, 75, ' Mukdahan', 1), 
(1633, 75, ' Nakhon Nayok', 1), 
(1634, 75, ' Nakhon Pathom', 1), 
(1635, 75, ' Nakhon Phanom', 1), 
(1636, 75, ' Nakhon Ratchasima', 1), 
(1637, 75, ' Nakhon Sawan', 1), 
(1638, 75, ' Nakhon Si Thammarat', 1), 
(1639, 75, ' Nan', 1), 
(1640, 75, ' Narathiwat', 1), 
(1641, 75, ' Nong Bua Lamphu', 1), 
(1642, 75, ' Nong Khai', 1), 
(1643, 75, ' Nonthaburi', 1), 
(1644, 75, ' Pathum Thani', 1), 
(1645, 75, ' Pattani', 1), 
(1646, 75, ' Phangnga', 1), 
(1647, 75, ' Phatthalung', 1), 
(1648, 75, ' Phayao', 1), 
(1649, 75, ' Phetchabun', 1), 
(1650, 75, ' Phetchaburi', 1), 
(1651, 75, ' Phichit', 1), 
(1652, 75, ' Phitsanulok', 1), 
(1653, 75, ' Phra Nakhon Si Ayutthaya', 1), 
(1654, 75, ' Phrae', 1), 
(1655, 75, ' Phuket', 1), 
(1656, 75, ' Prachin Buri', 1), 
(1657, 75, ' Prachuap Khiri Khan', 1), 
(1658, 75, ' Ranong', 1), 
(1659, 75, ' Ratchaburi', 1), 
(1660, 75, ' Rayong', 1), 
(1661, 75, ' Roi Et', 1), 
(1662, 75, ' Sa Kaeo', 1), 
(1663, 75, ' Sakon Nakhon', 1), 
(1664, 75, ' Samut Prakan', 1), 
(1665, 75, ' Samut Sakhon', 1), 
(1666, 75, ' Samut Songkhram', 1), 
(1667, 75, ' Sara Buri', 1), 
(1668, 75, ' Satun', 1), 
(1669, 75, ' Sing', 1), 
(1670, 76, 'Hanoi', 1), 
(1671, 76, ' An Giang', 1), 
(1672, 76, ' Bac Giang', 1), 
(1673, 76, ' Bac Kan', 1), 
(1674, 76, ' Bac Lieu', 1), 
(1675, 76, ' Bac Ninh', 1), 
(1676, 76, ' Ba Ria-Vung Tau', 1), 
(1677, 76, ' Ben Tre', 1), 
(1678, 76, ' Binh Dinh', 1), 
(1679, 76, ' Binh Duong', 1), 
(1680, 76, ' Binh Phuoc', 1), 
(1681, 76, ' Binh Thuan', 1), 
(1682, 76, ' Ca Mau', 1), 
(1683, 76, ' Can Tho', 1), 
(1684, 76, ' Cao Bang', 1), 
(1685, 76, ' Dac Lak', 1), 
(1686, 76, ' Da Nang', 1), 
(1687, 76, ' Dong Nai', 1), 
(1688, 76, ' Dong Thap', 1), 
(1689, 76, ' Gia Lai', 1), 
(1690, 76, ' Ha Giang', 1), 
(1691, 76, ' Hai Duong', 1), 
(1692, 76, ' Hai Phong', 1), 
(1693, 76, ' Ha Nam', 1), 
(1694, 76, ' Ha Noi', 1), 
(1695, 76, ' Ha Tay', 1), 
(1696, 76, ' Ha Tinh', 1), 
(1697, 76, ' Hoa Binh', 1), 
(1698, 76, ' Ho Chi Minh', 1), 
(1699, 76, ' Hung Yen', 1), 
(1700, 76, ' Khanh Hoa', 1), 
(1701, 76, ' Kien Giang', 1), 
(1702, 76, ' Kon Tum', 1), 
(1703, 76, ' Lai Chau', 1), 
(1704, 76, ' Lam Dong', 1), 
(1705, 76, ' Lang Son', 1), 
(1706, 76, ' Lao Cai', 1), 
(1707, 76, ' Long An', 1), 
(1708, 76, ' Nam Dinh', 1), 
(1709, 76, ' Nghe An', 1), 
(1710, 76, ' Ninh Binh', 1), 
(1711, 76, ' Ninh Thuan', 1), 
(1712, 76, ' Phu Tho', 1), 
(1713, 76, ' Phu Yen', 1), 
(1714, 76, ' Quang Binh', 1), 
(1715, 76, ' Quang Nam', 1), 
(1716, 76, ' Quang Ngai', 1), 
(1717, 76, ' Quang Ninh', 1), 
(1718, 76, ' Quang Tri', 1), 
(1719, 76, ' Soc Trang', 1), 
(1720, 76, ' Son La', 1), 
(1721, 76, ' Tay Ninh', 1), 
(1722, 76, ' Thai Binh', 1), 
(1723, 76, ' Thai Nguyen', 1), 
(1724, 76, ' Thanh Hoa', 1), 
(1725, 76, ' Thua Thien-Hue', 1), 
(1726, 76, ' Tien Giang', 1), 
(1727, 76, ' Tra Vinh', 1), 
(1728, 76, ' Tuyen Quang', 1), 
(1729, 76, ' Vinh Long', 1), 
(1730, 76, ' Vinh Phuc', 1), 
(1731, 76, ' Yen Bai', 1), 
(1732, 77, 'Canberra', 1), 
(1733, 77, ' Australian Capital Territory', 1), 
(1734, 77, ' New South Wales', 1), 
(1735, 77, ' Northern Territory', 1), 
(1736, 77, ' Queensland', 1), 
(1737, 77, ' South Australia', 1), 
(1738, 77, ' Tasmania', 1), 
(1739, 77, ' Victoria', 1), 
(1740, 77, ' Western Australia', 1), 
(1741, 78, 'Suva', 1), 
(1742, 78, ' Central', 1), 
(1743, 78, ' Eastern', 1), 
(1744, 78, ' Northern', 1), 
(1745, 78, ' Rotuma', 1), 
(1746, 78, ' Western', 1), 
(1747, 79, 'Tarawa', 1), 
(1748, 79, ' Abaiang', 1), 
(1749, 79, ' Abemama', 1), 
(1750, 79, ' Aranuka', 1), 
(1751, 79, ' Arorae', 1), 
(1752, 79, ' Banaba', 1), 
(1753, 79, ' Beru', 1), 
(1754, 79, ' Butaritari', 1), 
(1755, 79, ' Gilberts (Central)', 1), 
(1756, 79, ' Gilberts (Northern)', 1), 
(1757, 79, ' Gilberts (Southern)', 1), 
(1758, 79, ' Kanton', 1), 
(1759, 79, ' Kiritimati', 1), 
(1760, 79, ' Kuria', 1), 
(1761, 79, ' Line Islands', 1), 
(1762, 79, ' Maiana', 1), 
(1763, 79, ' Makin', 1), 
(1764, 79, ' Marakei', 1), 
(1765, 79, ' Nikunau', 1), 
(1766, 79, ' Nonouti', 1), 
(1767, 79, ' Onotoa', 1), 
(1768, 79, ' Phoenix Islands', 1), 
(1769, 79, ' Tabiteuea', 1), 
(1770, 79, ' Tabuaeran', 1), 
(1771, 79, ' Tamana', 1), 
(1772, 79, ' Teraina', 1), 
(1773, 80, 'Palikir', 1), 
(1774, 80, ' Chuuk (Truk)', 1), 
(1775, 80, ' Kosrae', 1), 
(1776, 80, ' Pohnpei', 1), 
(1777, 80, ' Yap', 1), 
(1778, 81, 'Yaren', 1), 
(1779, 81, ' Aiwo', 1), 
(1780, 81, ' Anabar', 1), 
(1781, 81, ' Anetan', 1), 
(1782, 81, ' Anibare', 1), 
(1783, 81, ' Baiti', 1), 
(1784, 81, ' Boe', 1), 
(1785, 81, ' Buada', 1), 
(1786, 81, ' Denigomodu', 1), 
(1787, 81, ' Ewa', 1), 
(1788, 81, ' Ijuw', 1), 
(1789, 81, ' Meneng', 1), 
(1790, 81, ' Nibok', 1), 
(1791, 81, ' Uaboe', 1), 
(1792, 82, 'Wellington', 1), 
(1793, 82, ' Akaroa', 1), 
(1794, 82, ' Amuri', 1), 
(1795, 82, ' Ashburton', 1), 
(1796, 82, ' Auckland', 1), 
(1797, 82, ' Banks Peninsula', 1), 
(1798, 82, ' Bay of Islands', 1), 
(1799, 82, ' Bay of Plenty', 1), 
(1800, 82, ' Bruce', 1), 
(1801, 82, ' Buller', 1), 
(1802, 82, ' Canterbury', 1), 
(1803, 82, ' Carterton', 1), 
(1804, 82, ' Chatham Islands', 1), 
(1805, 82, ' Cheviot', 1), 
(1806, 82, ' Christchurch', 1), 
(1807, 82, ' Clifton', 1), 
(1808, 82, ' Clutha', 1), 
(1809, 82, ' Cook', 1), 
(1810, 82, ' Dannevirke', 1), 
(1811, 82, ' Dunedin', 1), 
(1812, 82, ' Egmont', 1), 
(1813, 82, ' Eketahuna', 1), 
(1814, 82, ' Ellesmere', 1), 
(1815, 82, ' Eltham', 1), 
(1816, 82, ' Eyre', 1), 
(1817, 82, ' Far North', 1), 
(1818, 82, ' Featherston', 1), 
(1819, 82, ' Franklin', 1), 
(1820, 82, ' Gisborne', 1), 
(1821, 82, ' Golden Bay', 1), 
(1822, 82, ' Gore', 1), 
(1823, 82, ' Great Barrier Island', 1), 
(1824, 82, ' Grey', 1), 
(1825, 82, ' Hamilton', 1), 
(1826, 82, ' Hastings', 1), 
(1827, 82, ' Hauraki Plains', 1), 
(1828, 82, ' Hawera', 1), 
(1829, 82, ' Hawke\'s Bay', 1), 
(1830, 82, ' Heathcote', 1), 
(1831, 82, ' Hikurangi', 1), 
(1832, 82, ' Hobson', 1), 
(1833, 82, ' Hokianga', 1), 
(1834, 82, ' Horowhenua', 1), 
(1835, 82, ' Hurunui', 1), 
(1836, 82, ' Hutt', 1), 
(1837, 82, ' Inangahua', 1), 
(1838, 82, ' Inglewood', 1), 
(1839, 82, ' Invercargill', 1), 
(1840, 82, ' Kaikoura', 1), 
(1841, 82, ' Kaipara', 1), 
(1842, 82, ' Kairanga', 1), 
(1843, 82, ' Kapiti Coast', 1), 
(1844, 82, ' Kawerau', 1), 
(1845, 82, ' Kiwitea', 1), 
(1846, 82, ' Lake', 1), 
(1847, 82, ' Mackenzie', 1), 
(1848, 82, ' Malvern', 1), 
(1849, 82, ' Manaia', 1), 
(1850, 82, ' Manawatu', 1), 
(1851, 82, ' Mangonui', 1), 
(1852, 82, ' Maniototo', 1), 
(1853, 82, ' Manukau', 1), 
(1854, 82, ' Marlborough', 1), 
(1855, 82, ' Masterton', 1), 
(1856, 82, ' Matamata', 1), 
(1857, 82, ' Matamata Piako', 1), 
(1858, 82, ' Mount Herbert', 1), 
(1859, 82, ' Napier', 1), 
(1860, 82, ' Nelson', 1), 
(1861, 82, ' Nelson', 1), 
(1862, 82, ' New Plymouth', 1), 
(1863, 82, ' Northland', 1), 
(1864, 82, ' North Shore', 1), 
(1865, 82, ' Ohinemuri', 1), 
(1866, 82, ' Opotiki', 1), 
(1867, 82, ' Oroua', 1), 
(1868, 82, ' Otago', 1), 
(1869, 82, ' Otamatea', 1), 
(1870, 82, ' Otorohanga', 1), 
(1871, 82, ' Oxford', 1), 
(1872, 82, ' Palmerston North', 1), 
(1873, 82, ' Pahiatua', 1), 
(1874, 82, ' Papakura', 1), 
(1875, 82, ' Paparua', 1), 
(1876, 82, ' Patea', 1), 
(1877, 82, ' Piako', 1), 
(1878, 82, ' Pohangina', 1), 
(1879, 82, ' Porirua', 1), 
(1880, 82, ' Queenstown Lakes', 1), 
(1881, 82, ' Raglan', 1), 
(1882, 82, ' Rangiora', 1), 
(1883, 82, ' Rangitikei', 1), 
(1884, 82, ' Rodney', 1), 
(1885, 82, ' Rotorua', 1), 
(1886, 82, ' Ruapehu', 1), 
(1887, 82, ' Runanga', 1), 
(1888, 82, ' Saint Kilda', 1), 
(1889, 82, ' Selwyn', 1), 
(1890, 82, ' Silverpeaks', 1), 
(1891, 82, ' Southland', 1), 
(1892, 82, ' South Taranaki', 1), 
(1893, 82, ' South Waikato', 1), 
(1894, 82, ' South Wairarapa', 1), 
(1895, 82, ' Stewart Island', 1), 
(1896, 82, ' Stratford', 1), 
(1897, 82, ' Strathallan', 1), 
(1898, 82, ' Taranaki', 1), 
(1899, 82, ' Tararua', 1), 
(1900, 82, ' Tasman', 1), 
(1901, 82, ' Taumarunui', 1), 
(1902, 82, ' Taupo', 1), 
(1903, 82, ' Tauranga', 1), 
(1904, 82, ' Thames Coromandel', 1), 
(1905, 82, ' Timaru', 1), 
(1906, 82, ' Tuapeka', 1), 
(1907, 82, ' Upper Hutt', 1), 
(1908, 82, ' Vincent', 1), 
(1909, 82, ' Waiapu', 1), 
(1910, 82, ' Waiheke', 1), 
(1911, 82, ' Waihemo', 1), 
(1912, 82, ' Waikato', 1), 
(1913, 82, ' Waikohu', 1), 
(1914, 82, ' Waimairi', 1), 
(1915, 82, ' Waimarino', 1), 
(1916, 82, ' Waimate', 1), 
(1917, 82, ' Waimate West', 1), 
(1918, 82, ' Waimea', 1), 
(1919, 82, ' Waipa', 1), 
(1920, 82, ' Waipawa', 1), 
(1921, 82, ' Waipukurau', 1), 
(1922, 82, ' Wairarapa South', 1), 
(1923, 82, ' Wairewa', 1), 
(1924, 82, ' Wairoa', 1), 
(1925, 82, ' Waitakere', 1), 
(1926, 82, ' Waitaki', 1), 
(1927, 82, ' Waitomo', 1), 
(1928, 82, ' Waitotara', 1), 
(1929, 82, ' Wallace', 1), 
(1930, 82, ' Wanganui', 1), 
(1931, 82, ' Wanganui-Manawatu', 1), 
(1932, 82, ' Waverley', 1), 
(1933, 82, ' West Coast', 1), 
(1934, 82, ' Western Bay of Plenty', 1), 
(1935, 82, ' Westland', 1), 
(1936, 82, ' Whakatane', 1), 
(1937, 82, ' Whangarei', 1), 
(1938, 82, ' Whangaroa', 1), 
(1939, 82, ' Woodville', 1), 
(1940, 83, 'Koror', 1), 
(1941, 83, ' Aimeliik', 1), 
(1942, 83, ' Airai', 1), 
(1943, 83, ' Angaur', 1), 
(1944, 83, ' Hatobohei', 1), 
(1945, 83, ' Kayangel', 1), 
(1946, 83, ' Melekeok', 1), 
(1947, 83, ' Ngaraard', 1), 
(1948, 83, ' Ngarchelong', 1), 
(1949, 83, ' Ngardmau', 1), 
(1950, 83, ' Ngatpang', 1), 
(1951, 83, ' Ngchesar', 1), 
(1952, 83, ' Ngeremlengui', 1), 
(1953, 83, ' Ngiwal', 1), 
(1954, 83, ' Peleliu', 1), 
(1955, 83, ' Sonsoral', 1), 
(1956, 84, 'Port Moresby', 1), 
(1957, 84, ' Bougainville', 1), 
(1958, 84, ' Central', 1), 
(1959, 84, ' Chimbu', 1), 
(1960, 84, ' Eastern Highlands', 1), 
(1961, 84, ' East New Britain', 1), 
(1962, 84, ' East Sepik', 1), 
(1963, 84, ' Enga', 1), 
(1964, 84, ' Gulf', 1), 
(1965, 84, ' Madang', 1), 
(1966, 84, ' Manus', 1), 
(1967, 84, ' Milne Bay', 1), 
(1968, 84, ' Morobe', 1), 
(1969, 84, ' National Capital', 1), 
(1970, 84, ' New Ireland', 1), 
(1971, 84, ' Northern', 1), 
(1972, 84, ' Sandaun', 1), 
(1973, 84, ' Southern Highlands', 1), 
(1974, 84, ' Western', 1), 
(1975, 84, ' Western Highlands', 1), 
(1976, 84, ' West New Britain', 1), 
(1977, 85, 'Apia', 1), 
(1978, 85, ' A\'ana', 1), 
(1979, 85, ' Aiga-i-le-Tai', 1), 
(1980, 85, ' Atua', 1), 
(1981, 85, ' Fa\'asaleleaga', 1), 
(1982, 85, ' Gaga\'emauga', 1), 
(1983, 85, ' Gagaifomauga', 1), 
(1984, 85, ' Palauli', 1), 
(1985, 85, ' Satupa\'itea', 1), 
(1986, 85, ' Tuamasaga', 1), 
(1987, 85, ' Va\'a-o-Fonoti', 1), 
(1988, 85, ' Vaisigano', 1), 
(1989, 86, 'Nuku\'alofa', 1), 
(1990, 86, ' Ha\'apai', 1), 
(1991, 86, ' Tongatapu', 1), 
(1992, 86, ' Vava\'u', 1), 
(1993, 87, 'Fongafale', 1), 
(1994, 88, 'Port-Vila', 1), 
(1995, 88, ' Malampa', 1), 
(1996, 88, ' Penama', 1), 
(1997, 88, ' Sanma', 1), 
(1998, 88, ' Shefa', 1), 
(1999, 88, ' Tafea', 1), 
(2000, 88, ' Torba', 1), 
(2001, 89, 'The Valley', 1);

insert  into zonas values 
(2002, 90, 'Saint John', 1), 
(2003, 90, ' Barbuda', 1), 
(2004, 90, ' Redonda', 1), 
(2005, 90, ' Saint George', 1), 
(2006, 90, ' Saint Mary', 1), 
(2007, 90, ' Saint Paul', 1), 
(2008, 90, ' Saint Peter', 1), 
(2009, 90, ' Saint Philip', 1), 
(2010, 91, 'Oranjestad', 1), 
(2011, 92, 'Nassau', 1), 
(2012, 92, ' Acklins/Crooked Islands', 1), 
(2013, 92, ' Bimini', 1), 
(2014, 92, ' Cat Island', 1), 
(2015, 92, ' Exuma', 1), 
(2016, 92, ' Freeport', 1), 
(2017, 92, ' Fresh Creek', 1), 
(2018, 92, ' Governor\'s Harbour', 1), 
(2019, 92, ' Green Turtle Cay', 1), 
(2020, 92, ' Harbour Island', 1), 
(2021, 92, ' High Rock', 1), 
(2022, 92, ' Inagua', 1), 
(2023, 92, ' Kemps Bay', 1), 
(2024, 92, ' Long Island', 1), 
(2025, 92, ' Marsh Harbour', 1), 
(2026, 92, ' Mayaguana', 1), 
(2027, 92, ' New Providence', 1), 
(2028, 92, ' Nichollstown/Berry Islands', 1), 
(2029, 92, ' Ragged Island', 1), 
(2030, 92, ' Rock Sound', 1), 
(2031, 92, ' Sandy Point', 1), 
(2032, 92, ' San Salvador/Rum Cay', 1), 
(2033, 93, 'Bridgetown', 1), 
(2034, 93, ' Christ Church', 1), 
(2035, 93, ' Saint Andrew', 1), 
(2036, 93, ' Saint George', 1), 
(2037, 93, ' Saint James', 1), 
(2038, 93, ' Saint John', 1), 
(2039, 93, ' Saint Joseph', 1), 
(2040, 93, ' Saint Lucy', 1), 
(2041, 93, ' Saint Michael', 1), 
(2042, 93, ' Saint Peter', 1), 
(2043, 93, ' Saint Philip', 1), 
(2044, 93, ' Saint Thomas', 1), 
(2045, 94, 'Havana', 1), 
(2046, 94, ' Camaguey', 1), 
(2047, 94, ' Ciego de Avila', 1), 
(2048, 94, ' Cienfuegos', 1), 
(2049, 94, ' Ciudad de La Habana', 1), 
(2050, 94, ' Granma', 1), 
(2051, 94, ' Guantanamo', 1), 
(2052, 94, ' Holguin', 1), 
(2053, 94, ' Isla de la Juventud', 1), 
(2054, 94, ' La Habana', 1), 
(2055, 94, ' Las Tunas', 1), 
(2056, 94, ' Matanzas', 1), 
(2057, 94, ' Pinar del Rio', 1), 
(2058, 94, ' Sancti Spiritus', 1), 
(2059, 94, ' Santiago de Cuba', 1), 
(2060, 94, ' Villa Clara', 1), 
(2061, 95, 'Roseau', 1), 
(2062, 95, ' Saint Andrew', 1), 
(2063, 95, ' Saint David', 1), 
(2064, 95, ' Saint George', 1), 
(2065, 95, ' Saint John', 1), 
(2066, 95, ' Saint Joseph', 1), 
(2067, 95, ' Saint Luke', 1), 
(2068, 95, ' Saint Mark', 1), 
(2069, 95, ' Saint Patrick', 1), 
(2070, 95, ' Saint Paul', 1), 
(2071, 95, ' Saint Peter', 1), 
(2072, 96, 'Santo Domingo', 1), 
(2073, 96, ' Azua', 1), 
(2074, 96, ' Baoruco', 1), 
(2075, 96, ' Barahona', 1), 
(2076, 96, ' Dajabon', 1), 
(2077, 96, ' Distrito Nacional', 1), 
(2078, 96, ' Duarte', 1), 
(2079, 96, ' Elias Pina', 1), 
(2080, 96, ' El Seibo', 1), 
(2081, 96, ' Espaillat', 1), 
(2082, 96, ' Hato Mayor', 1), 
(2083, 96, ' Independencia', 1), 
(2084, 96, ' La Altagracia', 1), 
(2085, 96, ' La Romana', 1), 
(2086, 96, ' La Vega', 1), 
(2087, 96, ' Maria Trinidad Sanchez', 1), 
(2088, 96, ' Monsenor Nouel', 1), 
(2089, 96, ' Monte Cristi', 1), 
(2090, 96, ' Monte Plata', 1), 
(2091, 96, ' Pedernales', 1), 
(2092, 96, ' Peravia', 1), 
(2093, 96, ' Puerto Plata', 1), 
(2094, 96, ' Salcedo', 1), 
(2095, 96, ' Samana', 1), 
(2096, 96, ' Sanchez Ramirez', 1), 
(2097, 96, ' San Cristobal', 1), 
(2098, 96, ' San Juan', 1), 
(2099, 96, ' San Pedro de Macoris', 1), 
(2100, 96, ' Santiago', 1), 
(2101, 96, ' Santiago Rodriguez', 1), 
(2102, 96, ' Valverde', 1), 
(2103, 97, 'Saint George\'s', 1), 
(2104, 97, ' Carriacou/Petit Martinique', 1), 
(2105, 97, ' Saint Andrew', 1), 
(2106, 97, ' Saint David', 1), 
(2107, 97, ' Saint John', 1), 
(2108, 97, ' Saint Mark', 1), 
(2109, 97, ' Saint Patrick', 1), 
(2110, 98, 'Basse-Terre', 1), 
(2111, 99, 'Port-au-Prince', 1), 
(2112, 99, ' Artibonite', 1), 
(2113, 99, ' Centre', 1), 
(2114, 99, ' Grand \'Anse', 1), 
(2115, 99, ' Nord', 1), 
(2116, 99, ' Nord-Est', 1), 
(2117, 99, ' Nord-Ouest', 1), 
(2118, 99, ' Ouest', 1), 
(2119, 99, ' Sud', 1), 
(2120, 99, ' Sud-Est', 1), 
(2121, 100, 'Kingston', 1), 
(2122, 100, ' Clarendon', 1), 
(2123, 100, ' Hanover', 1), 
(2124, 100, ' Manchester', 1), 
(2125, 100, ' Portland', 1), 
(2126, 100, ' Saint Andrew', 1), 
(2127, 100, ' Saint Ann', 1), 
(2128, 100, ' Saint Catherine', 1), 
(2129, 100, ' Saint Elizabeth', 1), 
(2130, 100, ' Saint James', 1), 
(2131, 100, ' Saint Mary', 1), 
(2132, 100, ' Saint Thomas', 1), 
(2133, 100, ' Trelawny', 1), 
(2134, 100, ' Westmoreland', 1), 
(2135, 101, 'Fort-de-France', 1), 
(2136, 102, 'Brades Estate', 1), 
(2137, 102, ' Plymouth', 1), 
(2138, 102, ' Saint Anthony', 1), 
(2139, 102, ' Saint Georges', 1), 
(2140, 102, ' Saint Peter', 1), 
(2141, 103, 'Willemstad', 1), 
(2142, 104, 'San Juan', 1), 
(2143, 104, ' Adjuntas', 1), 
(2144, 104, ' Aguada', 1), 
(2145, 104, ' Aguadilla', 1), 
(2146, 104, ' Aguas Buenas', 1), 
(2147, 104, ' Aibonito', 1), 
(2148, 104, ' Anasco', 1), 
(2149, 104, ' Arecibo', 1), 
(2150, 104, ' Arroyo', 1), 
(2151, 104, ' Barceloneta', 1), 
(2152, 104, ' Barranquitas', 1), 
(2153, 104, ' Bayamon', 1), 
(2154, 104, ' Cabo Rojo', 1), 
(2155, 104, ' Caguas', 1), 
(2156, 104, ' Camuy', 1), 
(2157, 104, ' Canovanas', 1), 
(2158, 104, ' Carolina', 1), 
(2159, 104, ' Catano', 1), 
(2160, 104, ' Cayey', 1), 
(2161, 104, ' Ceiba', 1), 
(2162, 104, ' Ciales', 1), 
(2163, 104, ' Cidra', 1), 
(2164, 104, ' Coamo', 1), 
(2165, 104, ' Comerio', 1), 
(2166, 104, ' Corozal', 1), 
(2167, 104, ' Culebra', 1), 
(2168, 104, ' Dorado', 1), 
(2169, 104, ' Fajardo', 1), 
(2170, 104, ' Florida', 1), 
(2171, 104, ' Guanica', 1), 
(2172, 104, ' Guayama', 1), 
(2173, 104, ' Guayanilla', 1), 
(2174, 104, ' Guaynabo', 1), 
(2175, 104, ' Gurabo', 1), 
(2176, 104, ' Hatillo', 1), 
(2177, 104, ' Hormigueros', 1), 
(2178, 104, ' Humacao', 1), 
(2179, 104, ' Isabela', 1), 
(2180, 104, ' Jayuya', 1), 
(2181, 104, ' Juana Diaz', 1), 
(2182, 104, ' Juncos', 1), 
(2183, 104, ' Lajas', 1), 
(2184, 104, ' Lares', 1), 
(2185, 104, ' Las Marias', 1), 
(2186, 104, ' Las Piedras', 1), 
(2187, 104, ' Loiza', 1), 
(2188, 104, ' Luquillo', 1), 
(2189, 104, ' Manati', 1), 
(2190, 104, ' Maricao', 1), 
(2191, 104, ' Maunabo', 1), 
(2192, 104, ' Mayaguez', 1), 
(2193, 104, ' Moca', 1), 
(2194, 104, ' Morovis', 1), 
(2195, 104, ' Naguabo', 1), 
(2196, 104, ' Naranjito', 1), 
(2197, 104, ' Orocovis', 1), 
(2198, 104, ' Patillas', 1), 
(2199, 104, ' Penuelas', 1), 
(2200, 104, ' Ponce', 1), 
(2201, 104, ' Quebradillas', 1), 
(2202, 104, ' Rincon', 1), 
(2203, 104, ' Rio Grande', 1), 
(2204, 104, ' Sabana Grande', 1), 
(2205, 104, ' Salinas', 1), 
(2206, 104, ' San German', 1), 
(2207, 104, ' San Lorenzo', 1), 
(2208, 104, ' San Sebastian', 1), 
(2209, 104, ' Santa Isabel', 1), 
(2210, 104, ' Toa Alta', 1), 
(2211, 104, ' Toa Baja', 1), 
(2212, 104, ' Trujillo Alto', 1), 
(2213, 104, ' Utuado', 1), 
(2214, 104, ' Vega Alta', 1), 
(2215, 104, ' Vega Baja', 1), 
(2216, 104, ' Vieques', 1), 
(2217, 104, ' Villalba', 1), 
(2218, 104, ' Yabucoa', 1), 
(2219, 104, ' Yauco', 1), 
(2220, 105, '', 1), 
(2221, 106, 'Basseterre', 1), 
(2222, 106, ' Christ Church Nichola Town', 1), 
(2223, 106, ' St. Anne Sandy Point', 1), 
(2224, 106, ' St. George Basseterre', 1), 
(2225, 106, ' St. George Gingerland', 1), 
(2226, 106, ' St. James Windward', 1), 
(2227, 106, ' St. John Capesterre', 1), 
(2228, 106, ' St. John Figtree', 1), 
(2229, 106, ' St. Mary Cayon', 1), 
(2230, 106, ' St. Paul Capesterre', 1), 
(2231, 106, ' St. Paul Charlestown', 1), 
(2232, 106, ' St. Peter Basseterre', 1), 
(2233, 106, ' St. Thomas Lowland', 1), 
(2234, 106, ' St. Thomas Middle Island', 1), 
(2235, 106, ' Trinity Palmetto Point', 1), 
(2236, 107, 'Castries', 1), 
(2237, 107, ' Anse-la-Raye', 1), 
(2238, 107, ' Castries', 1), 
(2239, 107, ' Choiseul', 1), 
(2240, 107, ' Dauphin', 1), 
(2241, 107, ' Dennery', 1), 
(2242, 107, ' Gros-Islet', 1), 
(2243, 107, ' Laborie', 1), 
(2244, 107, ' Micoud', 1), 
(2245, 107, ' Praslin', 1), 
(2246, 107, ' Soufriere', 1), 
(2247, 107, ' Vieux-Fort', 1), 
(2248, 108, '', 1), 
(2249, 109, 'Kingstown', 1), 
(2250, 109, ' Charlotte', 1), 
(2251, 109, ' Grenadines', 1), 
(2252, 109, ' Saint Andrew', 1), 
(2253, 109, ' Saint David', 1), 
(2254, 109, ' Saint George', 1), 
(2255, 109, ' Saint Patrick', 1), 
(2256, 110, '', 1), 
(2257, 111, 'Port-of-Spain', 1), 
(2258, 111, ' Arima', 1), 
(2259, 111, ' Caroni', 1), 
(2260, 111, ' Mayaro', 1), 
(2261, 111, ' Nariva', 1), 
(2262, 111, ' Saint Andrew', 1), 
(2263, 111, ' Saint David', 1), 
(2264, 111, ' Saint George', 1), 
(2265, 111, ' Saint Patrick', 1), 
(2266, 111, ' San Fernando', 1), 
(2267, 111, ' Tobago', 1), 
(2268, 111, ' Victoria', 1), 
(2269, 112, 'Grand Turk (Cockburn Town)', 1), 
(2270, 113, 'Belmopan', 1), 
(2271, 113, ' Belize', 1), 
(2272, 113, ' Cayo', 1), 
(2273, 113, ' Corozal', 1), 
(2274, 113, ' Orange Walk', 1), 
(2275, 113, ' Stann Creek', 1), 
(2276, 113, ' Toledo', 1), 
(2277, 114, 'San Jose', 1), 
(2278, 114, ' Alajuela', 1), 
(2279, 114, ' Cartago', 1), 
(2280, 114, ' Guanacaste', 1), 
(2281, 114, ' Heredia', 1), 
(2282, 114, ' Limon', 1), 
(2283, 114, ' Puntarenas', 1), 
(2284, 115, 'San Salvador', 1), 
(2285, 115, ' Ahuachapan', 1), 
(2286, 115, ' Cabanas', 1), 
(2287, 115, ' Chalatenango', 1), 
(2288, 115, ' Cuscatlan', 1), 
(2289, 115, ' La Libertad', 1), 
(2290, 115, ' La Paz', 1), 
(2291, 115, ' La Union', 1), 
(2292, 115, ' Morazan', 1), 
(2293, 115, ' San Miguel', 1), 
(2294, 115, ' Santa Ana', 1), 
(2295, 115, ' San Vicente', 1), 
(2296, 115, ' Sonsonate', 1), 
(2297, 115, ' Usulutan', 1), 
(2298, 116, 'Guatemala', 1), 
(2299, 116, ' Alta Verapaz', 1), 
(2300, 116, ' Baja Verapaz', 1), 
(2301, 116, ' Chimaltenango', 1), 
(2302, 116, ' Chiquimula', 1), 
(2303, 116, ' El Progreso', 1), 
(2304, 116, ' Escuintla', 1), 
(2305, 116, ' Guatemala', 1), 
(2306, 116, ' Huehuetenango', 1), 
(2307, 116, ' Izabal', 1), 
(2308, 116, ' Jalapa', 1), 
(2309, 116, ' Jutiapa', 1), 
(2310, 116, ' Peten', 1), 
(2311, 116, ' Quetzaltenango', 1), 
(2312, 116, ' Quiche', 1), 
(2313, 116, ' Retalhuleu', 1), 
(2314, 116, ' Sacatepequez', 1), 
(2315, 116, ' San Marcos', 1), 
(2316, 116, ' Santa Rosa', 1), 
(2317, 116, ' Solola', 1), 
(2318, 116, ' Suchitepequez', 1), 
(2319, 116, ' Totonicapan', 1), 
(2320, 116, ' Zacapa', 1), 
(2321, 117, 'Tegucigalpa', 1), 
(2322, 117, ' Atlantida', 1), 
(2323, 117, ' Choluteca', 1), 
(2324, 117, ' Colon', 1), 
(2325, 117, ' Comayagua', 1), 
(2326, 117, ' Copan', 1), 
(2327, 117, ' Cortes', 1), 
(2328, 117, ' El Paraiso', 1), 
(2329, 117, ' Francisco Morazan', 1), 
(2330, 117, ' Gracias a Dios', 1), 
(2331, 117, ' Intibuca', 1), 
(2332, 117, ' Islas de la Bahia', 1), 
(2333, 117, ' La Paz', 1), 
(2334, 117, ' Lempira', 1), 
(2335, 117, ' Ocotepeque', 1), 
(2336, 117, ' Olancho', 1), 
(2337, 117, ' Santa Barbara', 1), 
(2338, 117, ' Valle', 1), 
(2339, 117, ' Yoro', 1), 
(2340, 118, 'Managua', 1), 
(2341, 118, ' Boaco', 1), 
(2342, 118, ' Carazo', 1), 
(2343, 118, ' Chinandega', 1), 
(2344, 118, ' Chontales', 1), 
(2345, 118, ' Esteli', 1), 
(2346, 118, ' Granada', 1), 
(2347, 118, ' Jinotega', 1), 
(2348, 118, ' Leon', 1), 
(2349, 118, ' Madriz', 1), 
(2350, 118, ' Managua', 1), 
(2351, 118, ' Masaya', 1), 
(2352, 118, ' Matagalpa', 1), 
(2353, 118, ' Nueva Segovia', 1), 
(2354, 118, ' Rio San Juan', 1), 
(2355, 118, ' Rivas', 1), 
(2356, 118, ' Atlantico Norte', 1), 
(2357, 118, ' Atlantico Sur', 1), 
(2358, 119, 'Panama', 1), 
(2359, 119, ' Bocas del Toro', 1), 
(2360, 119, ' Chiriqui', 1), 
(2361, 119, ' Cocle', 1), 
(2362, 119, ' Colon', 1), 
(2363, 119, ' Darien', 1), 
(2364, 119, ' Herrera', 1), 
(2365, 119, ' Los Santos', 1), 
(2366, 119, ' San Blas', 1), 
(2367, 119, ' Veraguas', 1), 
(2368, 120, 'Tirana', 1), 
(2369, 120, ' Berat', 1), 
(2370, 120, ' Bulqize', 1), 
(2371, 120, ' Delvine', 1), 
(2372, 120, ' Devoll', 1), 
(2373, 120, ' Diber', 1), 
(2374, 120, ' Durres', 1), 
(2375, 120, ' Elbasan', 1), 
(2376, 120, ' Fier', 1), 
(2377, 120, ' Gjirokaster', 1), 
(2378, 120, ' Gramsh', 1), 
(2379, 120, ' Has', 1), 
(2380, 120, ' Kavaje', 1), 
(2381, 120, ' Kolonje', 1), 
(2382, 120, ' Korce', 1), 
(2383, 120, ' Kruje', 1), 
(2384, 120, ' Kucove', 1), 
(2385, 120, ' Kukes', 1), 
(2386, 120, ' Kurbin', 1), 
(2387, 120, ' Lezhe', 1), 
(2388, 120, ' Librazhd', 1), 
(2389, 120, ' Lushnje', 1), 
(2390, 120, ' Malesi e Madhe', 1), 
(2391, 120, ' Mallakaster', 1), 
(2392, 120, ' Mat', 1), 
(2393, 120, ' Mirdite', 1), 
(2394, 120, ' Peqin', 1), 
(2395, 120, ' Permet', 1), 
(2396, 120, ' Pogradec', 1), 
(2397, 120, ' Puke', 1), 
(2398, 120, ' Sarande', 1), 
(2399, 120, ' Shkoder', 1), 
(2400, 120, ' Skrapar', 1), 
(2401, 120, ' Tepelene', 1), 
(2402, 120, ' Tirane', 1), 
(2403, 120, ' Tropoje', 1), 
(2404, 120, ' Vlore', 1), 
(2405, 121, 'Andorra la Vella', 1), 
(2406, 121, ' Canillo', 1), 
(2407, 121, ' Encamp', 1), 
(2408, 121, ' La Massana', 1), 
(2409, 121, ' Escaldes-Engordany', 1), 
(2410, 121, ' Ordino', 1), 
(2411, 121, ' Sant Julia de Loria', 1), 
(2412, 122, 'Vienna', 1), 
(2413, 122, ' Burgenland', 1), 
(2414, 122, ' Kaernten', 1), 
(2415, 122, ' Niederoesterreich', 1), 
(2416, 122, ' Oberoesterreich', 1), 
(2417, 122, ' Salzburg', 1), 
(2418, 122, ' Steiermark', 1), 
(2419, 122, ' Tirol', 1), 
(2420, 122, ' Vorarlberg', 1), 
(2421, 122, ' Wien', 1), 
(2422, 123, 'Minsk', 1), 
(2423, 123, ' Brest', 1), 
(2424, 123, ' Homyel\'Horad Minsk', 1), 
(2425, 123, ' Hrodna', 1), 
(2426, 123, ' Mahilyow', 1), 
(2427, 123, ' Vitsyebsk', 1), 
(2428, 124, 'Brussels', 1), 
(2429, 124, ' Antwerpen', 1), 
(2430, 124, ' Brabant Wallon', 1), 
(2431, 124, ' Brussels (Bruxelles)', 1), 
(2432, 124, ' Hainaut', 1), 
(2433, 124, ' Liege', 1), 
(2434, 124, ' Limburg', 1), 
(2435, 124, ' Luxembourg', 1), 
(2436, 124, ' Namur', 1), 
(2437, 124, ' Oost-Vlaanderen', 1), 
(2438, 124, ' Vlaams-Brabant', 1), 
(2439, 124, ' West-Vlaanderen', 1), 
(2440, 125, 'Sarajevo', 1), 
(2441, 126, 'Sofiya', 1), 
(2442, 126, ' Blagoevgrad', 1), 
(2443, 126, ' Burgas', 1), 
(2444, 126, ' Dobrich', 1), 
(2445, 126, ' Gabrovo', 1), 
(2446, 126, ' Khaskovo', 1), 
(2447, 126, ' Kurdzhali', 1), 
(2448, 126, ' Kyustendil', 1), 
(2449, 126, ' Lovech', 1), 
(2450, 126, ' Montana', 1), 
(2451, 126, ' Pazardzhik', 1), 
(2452, 126, ' Pernik', 1), 
(2453, 126, ' Pleven', 1), 
(2454, 126, ' Plovdiv', 1), 
(2455, 126, ' Razgrad', 1), 
(2456, 126, ' Ruse', 1), 
(2457, 126, ' Shumen', 1), 
(2458, 126, ' Silistra', 1), 
(2459, 126, ' Sliven', 1), 
(2460, 126, ' Smolyan', 1), 
(2461, 126, ' Sofiya-Grad', 1), 
(2462, 126, ' Stara Zagora', 1), 
(2463, 126, ' Turgovishte', 1), 
(2464, 126, ' Varna', 1), 
(2465, 126, ' Veliko Turnovo', 1), 
(2466, 126, ' Vidin', 1), 
(2467, 126, ' Vratsa', 1), 
(2468, 126, ' Yambol', 1), 
(2469, 127, 'Zagreb', 1), 
(2470, 127, ' Bjelovarsko-Bilogorska', 1), 
(2471, 127, ' Brodsko-Posavska', 1), 
(2472, 127, ' Dubrovacko-Neretvanska', 1), 
(2473, 127, ' Istarska', 1), 
(2474, 127, ' Karlovacka', 1), 
(2475, 127, ' Koprivnicko-Krizevacka', 1), 
(2476, 127, ' Krapinsko-Zagorska', 1), 
(2477, 127, ' Licko-Senjska', 1), 
(2478, 127, ' Medimurska', 1), 
(2479, 127, ' Osjecko-Baranjska', 1), 
(2480, 127, ' Pozesko-Slavonska', 1), 
(2481, 127, ' Primorsko-Goranska', 1), 
(2482, 127, ' Sibensko-Kninska', 1), 
(2483, 127, ' Sisacko-Moslavacka', 1), 
(2484, 127, ' Splitsko-Dalmatinska', 1), 
(2485, 127, ' Varazdinska', 1), 
(2486, 127, ' Viroviticko-Podravska', 1), 
(2487, 127, ' Vukovarsko-Srijemska', 1), 
(2488, 127, ' Zadarska', 1), 
(2489, 127, ' Zagrebacka', 1), 
(2490, 128, 'Prague (Praha)', 1), 
(2491, 128, ' Jihocesky', 1), 
(2492, 128, ' Jihomoravsky', 1), 
(2493, 128, ' Karlovarsky', 1), 
(2494, 128, ' Kralovehradecky', 1), 
(2495, 128, ' Liberecky', 1), 
(2496, 128, ' Moravskoslezsky', 1), 
(2497, 128, ' Olomoucky', 1), 
(2498, 128, ' Pardubicky', 1), 
(2499, 128, ' Plzensky', 1), 
(2500, 128, ' Stredocesky', 1), 
(2501, 128, ' Ustecky', 1), 
(2502, 128, ' Vysocina', 1), 
(2503, 128, ' Zlinsky', 1), 
(2504, 129, 'Copenhagen (Kobenhavn)', 1), 
(2505, 129, ' Arhus', 1), 
(2506, 129, ' Bornholm', 1), 
(2507, 129, ' Fredericksberg', 1), 
(2508, 129, ' Frederiksborg', 1), 
(2509, 129, ' Fyn', 1), 
(2510, 129, ' Kobenhavns', 1), 
(2511, 129, ' Nordjylland', 1), 
(2512, 129, ' Ribe', 1), 
(2513, 129, ' Ringkobing', 1), 
(2514, 129, ' Roskilde', 1), 
(2515, 129, ' Sonderjylland', 1), 
(2516, 129, ' Storstrom', 1), 
(2517, 129, ' Vejle', 1), 
(2518, 129, ' Vestsjalland', 1), 
(2519, 129, ' Viborg', 1), 
(2520, 130, 'Harjumaa (Tallinn)', 1), 
(2521, 130, ' Hiiumaa (Kardla)', 1), 
(2522, 130, ' Ida-Virumaa (Johvi)', 1), 
(2523, 130, ' Jarvamaa (Paide)', 1), 
(2524, 130, ' Jogevamaa (Jogeva)', 1), 
(2525, 130, ' Laanemaa (Haapsalu)', 1), 
(2526, 130, ' Laane-Virumaa (Rakvere)', 1), 
(2527, 130, ' Parnumaa (Parnu)', 1), 
(2528, 130, ' Polvamaa (Polva)', 1), 
(2529, 130, ' Raplamaa (Rapla)', 1), 
(2530, 130, ' Saaremaa (Kuressaare)', 1), 
(2531, 130, ' Tartumaa (Tartu)', 1), 
(2532, 130, ' Valgamaa (Valga)', 1), 
(2533, 130, ' Viljandimaa (Viljandi)', 1), 
(2534, 130, ' Vorumaa (Voru)', 1), 
(2535, 131, 'Helsinki', 1), 
(2536, 131, ' Aland', 1), 
(2537, 131, ' Etela-Suomen Laani', 1), 
(2538, 131, ' Ita-Suomen Laani', 1), 
(2539, 131, ' Lansi-Suomen Laani', 1), 
(2540, 131, ' Lappi', 1), 
(2541, 131, ' Oulun Laani', 1), 
(2542, 132, 'Paris', 1), 
(2543, 132, ' Alsace', 1), 
(2544, 132, ' Aquitaine', 1), 
(2545, 132, ' Auvergne', 1), 
(2546, 132, ' Basse-Normandie', 1), 
(2547, 132, ' Bourgogne', 1), 
(2548, 132, ' Bretagne', 1), 
(2549, 132, ' Centre', 1), 
(2550, 132, ' Champagne-Ardenne', 1), 
(2551, 132, ' Corse', 1), 
(2552, 132, ' Franche-Comte', 1), 
(2553, 132, ' Haute-Normandie', 1), 
(2554, 132, ' Ile-de-France', 1), 
(2555, 132, ' Languedoc-Roussillon', 1), 
(2556, 132, ' Limousin', 1), 
(2557, 132, ' Lorraine', 1), 
(2558, 132, ' Midi-Pyrenees', 1), 
(2559, 132, ' Nord-Pas-de-Calais', 1), 
(2560, 132, ' Pays de la Loire', 1), 
(2561, 132, ' Picardie', 1), 
(2562, 132, ' Poitou-Charentes', 1), 
(2563, 132, ' Provence-Alpes-Cote d\'Azur', 1), 
(2564, 132, ' Rhone-Alpes', 1), 
(2565, 133, 'T\'bilisi', 1), 
(2566, 133, ' Bat\'umi', 1), 
(2567, 133, ' Chiat\'ura', 1), 
(2568, 133, ' Gori', 1), 
(2569, 133, ' Guria', 1), 
(2570, 133, ' Imereti', 1), 
(2571, 133, ' Kakheti', 1), 
(2572, 133, ' K\'ut\'aisi', 1), 
(2573, 133, ' Kvemo Kartli', 1), 
(2574, 133, ' Mtskheta-Mtianeti', 1), 
(2575, 133, ' P\'ot\'i', 1), 
(2576, 133, ' Racha-Lechkhumi/Kvemo Svaneti', 1), 
(2577, 133, ' Rust\'avi', 1), 
(2578, 133, ' Samegrelo/Zemo Svaneti', 1), 
(2579, 133, ' Samtskhe-Javakheti', 1), 
(2580, 133, ' Shida Kartli', 1), 
(2581, 133, ' Sokhumi', 1), 
(2582, 133, ' Tqibuli', 1), 
(2583, 133, ' Tsqaltubo', 1), 
(2584, 133, ' Zugdidi', 1), 
(2585, 134, 'Berlin', 1), 
(2586, 134, ' Baden-Wuerttemberg', 1), 
(2587, 134, ' Bayern', 1), 
(2588, 134, ' Berlin', 1), 
(2589, 134, ' Brandenburg', 1), 
(2590, 134, ' Bremen', 1), 
(2591, 134, ' Hamburg', 1), 
(2592, 134, ' Hessen', 1), 
(2593, 134, ' Mecklenburg-Vorpommern', 1), 
(2594, 134, ' Niedersachsen', 1), 
(2595, 134, ' Nordrhein-Westfalen', 1), 
(2596, 134, ' Rheinland-Pfalz', 1), 
(2597, 134, ' Saarland', 1), 
(2598, 134, ' Sachsen', 1), 
(2599, 134, ' Sachsen-Anhalt', 1), 
(2600, 134, ' Schleswig-Holstein', 1), 
(2601, 134, ' Thueringen', 1), 
(2602, 135, 'Athens', 1), 
(2603, 135, ' Agion Oros (Mt. Athos)', 1), 
(2604, 135, ' Achaia', 1), 
(2605, 135, ' Aitolia kai Akarmania', 1), 
(2606, 135, ' Argolis', 1), 
(2607, 135, ' Arkadia', 1), 
(2608, 135, ' Arta', 1), 
(2609, 135, ' Attiki', 1), 
(2610, 135, ' Chalkidiki', 1), 
(2611, 135, ' Chanion', 1), 
(2612, 135, ' Chios', 1), 
(2613, 135, ' Dodekanisos', 1), 
(2614, 135, ' Drama', 1), 
(2615, 135, ' Evros', 1), 
(2616, 135, ' Evrytania', 1), 
(2617, 135, ' Evvoia', 1), 
(2618, 135, ' Florina', 1), 
(2619, 135, ' Fokidos', 1), 
(2620, 135, ' Fthiotis', 1), 
(2621, 135, ' Grevena', 1), 
(2622, 135, ' Ileia', 1), 
(2623, 135, ' Imathia', 1), 
(2624, 135, ' Ioannina', 1), 
(2625, 135, ' Irakleion', 1), 
(2626, 135, ' Karditsa', 1), 
(2627, 135, ' Kastoria', 1), 
(2628, 135, ' Kavala', 1), 
(2629, 135, ' Kefallinia', 1), 
(2630, 135, ' Kerkyra', 1), 
(2631, 135, ' Kilkis', 1), 
(2632, 135, ' Korinthia', 1), 
(2633, 135, ' Kozani', 1), 
(2634, 135, ' Kyklades', 1), 
(2635, 135, ' Lakonia', 1), 
(2636, 135, ' Larisa', 1), 
(2637, 135, ' Lasithi', 1), 
(2638, 135, ' Lefkas', 1), 
(2639, 135, ' Lesvos', 1), 
(2640, 135, ' Magnisia', 1), 
(2641, 135, ' Messinia', 1), 
(2642, 135, ' Pella', 1), 
(2643, 135, ' Pieria', 1), 
(2644, 135, ' Preveza', 1), 
(2645, 135, ' Rethynnis', 1), 
(2646, 135, ' Rodopi', 1), 
(2647, 135, ' Samos', 1), 
(2648, 135, ' Serrai', 1), 
(2649, 135, ' Thesprotia', 1), 
(2650, 135, ' Thessaloniki', 1), 
(2651, 135, ' Trikala', 1), 
(2652, 135, ' Voiotia', 1), 
(2653, 135, ' Xanthi', 1), 
(2654, 135, ' Zakynthos', 1), 
(2655, 136, 'Budapest', 1), 
(2656, 136, ' Bacs-Kiskun', 1), 
(2657, 136, ' Baranya', 1), 
(2658, 136, ' Bekes', 1), 
(2659, 136, ' Bekescsaba', 1), 
(2660, 136, ' Borsod-Abauj-Zemplen', 1), 
(2661, 136, ' Csongrad', 1), 
(2662, 136, ' Debrecen', 1), 
(2663, 136, ' Dunaujvaros', 1), 
(2664, 136, ' Eger', 1), 
(2665, 136, ' Fejer', 1), 
(2666, 136, ' Gyor', 1), 
(2667, 136, ' Gyor-Moson-Sopron', 1), 
(2668, 136, ' Hajdu-Bihar', 1), 
(2669, 136, ' Heves', 1), 
(2670, 136, ' Hodmezovasarhely', 1), 
(2671, 136, ' Jasz-Nagykun-Szolnok', 1), 
(2672, 136, ' Kaposvar', 1), 
(2673, 136, ' Kecskemet', 1), 
(2674, 136, ' Komarom-Esztergom', 1), 
(2675, 136, ' Miskolc', 1), 
(2676, 136, ' Nagykanizsa', 1), 
(2677, 136, ' Nograd', 1), 
(2678, 136, ' Nyiregyhaza', 1), 
(2679, 136, ' Pecs', 1), 
(2680, 136, ' Pest', 1), 
(2681, 136, ' Somogy', 1), 
(2682, 136, ' Sopron', 1), 
(2683, 136, ' Szabolcs-Szatmar-Bereg', 1), 
(2684, 136, ' Szeged', 1), 
(2685, 136, ' Szekesfehervar', 1), 
(2686, 136, ' Szolnok', 1), 
(2687, 136, ' Szombathely', 1), 
(2688, 136, ' Tatabanya', 1), 
(2689, 136, ' Tolna', 1), 
(2690, 136, ' Vas', 1), 
(2691, 136, ' Veszprem', 1), 
(2692, 136, ' Veszprem', 1), 
(2693, 136, ' Zala', 1), 
(2694, 136, ' Zalaegerszeg', 1), 
(2695, 137, 'Reykjavik', 1), 
(2696, 137, ' Akranes', 1), 
(2697, 137, ' Akureyri', 1), 
(2698, 137, ' Arnessysla', 1), 
(2699, 137, ' Austur-Bardhastrandarsysla', 1), 
(2700, 137, ' Austur-Hunavatnssysla', 1), 
(2701, 137, ' Austur-Skaftafellssysla', 1), 
(2702, 137, ' Borgarfjardharsysla', 1), 
(2703, 137, ' Dalasysla', 1), 
(2704, 137, ' Eyjafjardharsysla', 1), 
(2705, 137, ' Gullbringusysla', 1), 
(2706, 137, ' Hafnarfjordhur', 1), 
(2707, 137, ' Husavik', 1), 
(2708, 137, ' Isafjordhur', 1), 
(2709, 137, ' Keflavik', 1), 
(2710, 137, ' Kjosarsysla', 1), 
(2711, 137, ' Kopavogur', 1), 
(2712, 137, ' Myrasysla', 1), 
(2713, 137, ' Neskaupstadhur', 1), 
(2714, 137, ' Nordhur-Isafjardharsysla', 1), 
(2715, 137, ' Nordhur-Mulasys-la', 1), 
(2716, 137, ' Nordhur-Thingeyjarsysla', 1), 
(2717, 137, ' Olafsfjordhur', 1), 
(2718, 137, ' Rangarvallasysla', 1), 
(2719, 137, ' Saudharkrokur', 1), 
(2720, 137, ' Seydhisfjordhur', 1), 
(2721, 137, ' Siglufjordhur', 1), 
(2722, 137, ' Skagafjardharsysla', 1), 
(2723, 137, ' Snaefellsnes-og Hnappadalssysla', 1), 
(2724, 137, ' Strandasysla', 1), 
(2725, 137, ' Sudhur-Mulasysla', 1), 
(2726, 137, ' Sudhur-Thingeyjarsysla', 1), 
(2727, 137, ' Vesttmannaeyjar', 1), 
(2728, 137, ' Vestur-Bardhastrandarsysla', 1), 
(2729, 137, ' Vestur-Hunavatnssysla', 1), 
(2730, 137, ' Vestur-Isafjardharsysla', 1), 
(2731, 137, ' Vestur-Skaftafellssysla', 1), 
(2732, 138, 'Dublin', 1), 
(2733, 138, ' Carlow', 1), 
(2734, 138, ' Cavan', 1), 
(2735, 138, ' Clare', 1), 
(2736, 138, ' Cork', 1), 
(2737, 138, ' Donegal', 1), 
(2738, 138, ' Galway', 1), 
(2739, 138, ' Kerry', 1), 
(2740, 138, ' Kildare', 1), 
(2741, 138, ' Kilkenny', 1), 
(2742, 138, ' Laois', 1), 
(2743, 138, ' Leitrim', 1), 
(2744, 138, ' Limerick', 1), 
(2745, 138, ' Longford', 1), 
(2746, 138, ' Louth', 1), 
(2747, 138, ' Mayo', 1), 
(2748, 138, ' Meath', 1), 
(2749, 138, ' Monaghan', 1), 
(2750, 138, ' Offaly', 1), 
(2751, 138, ' Roscommon', 1), 
(2752, 138, ' Sligo', 1), 
(2753, 138, ' Tipperary', 1), 
(2754, 138, ' Waterford', 1), 
(2755, 138, ' Westmeath', 1), 
(2756, 138, ' Wexford', 1), 
(2757, 138, ' Wicklow', 1), 
(2758, 139, 'Rome', 1), 
(2759, 139, ' Abruzzi', 1), 
(2760, 139, ' Basilicata', 1), 
(2761, 139, ' Calabria', 1), 
(2762, 139, ' Campania', 1), 
(2763, 139, ' Emilia-Romagna', 1), 
(2764, 139, ' Friuli-Venezia Giulia', 1), 
(2765, 139, ' Lazio', 1), 
(2766, 139, ' Liguria', 1), 
(2767, 139, ' Lombardia', 1), 
(2768, 139, ' Marche', 1), 
(2769, 139, ' Molise', 1), 
(2770, 139, ' Piemonte', 1), 
(2771, 139, ' Puglia', 1), 
(2772, 139, ' Sardegna', 1), 
(2773, 139, ' Sicilia', 1), 
(2774, 139, ' Toscana', 1), 
(2775, 139, ' Trentino-Alto Adige', 1), 
(2776, 139, ' Umbria', 1), 
(2777, 139, ' Valle d\'Aosta', 1), 
(2778, 139, ' Veneto', 1), 
(2779, 140, 'Riga', 1), 
(2780, 140, ' Aizkraukles', 1), 
(2781, 140, ' Aluksnes', 1), 
(2782, 140, ' Balvu', 1), 
(2783, 140, ' Bauskas', 1), 
(2784, 140, ' Cesu', 1), 
(2785, 140, ' Daugavpils', 1), 
(2786, 140, ' Daugavpils', 1), 
(2787, 140, ' Dobeles', 1), 
(2788, 140, ' Gulbenes', 1), 
(2789, 140, ' Jekabpils', 1), 
(2790, 140, ' Jelgava', 1), 
(2791, 140, ' Jelgavas', 1), 
(2792, 140, ' Jurmala', 1), 
(2793, 140, ' Kraslavas', 1), 
(2794, 140, ' Kuldigas', 1), 
(2795, 140, ' Liepaja', 1), 
(2796, 140, ' Liepajas', 1), 
(2797, 140, ' Limbazu', 1), 
(2798, 140, ' Ludzas', 1), 
(2799, 140, ' Madonas', 1), 
(2800, 140, ' Ogres', 1), 
(2801, 140, ' Preilu', 1), 
(2802, 140, ' Rezekne', 1), 
(2803, 140, ' Rezeknes', 1), 
(2804, 140, ' Riga', 1), 
(2805, 140, ' Rigas', 1), 
(2806, 140, ' Saldus', 1), 
(2807, 140, ' Talsu', 1), 
(2808, 140, ' Tukuma', 1), 
(2809, 140, ' Valkas', 1), 
(2810, 140, ' Valmieras', 1), 
(2811, 140, ' Ventspils', 1), 
(2812, 140, ' Ventspils', 1), 
(2813, 141, 'Vaduz', 1), 
(2814, 141, ' Balzers', 1), 
(2815, 141, ' Eschen', 1), 
(2816, 141, ' Gamprin', 1), 
(2817, 141, ' Mauren', 1), 
(2818, 141, ' Planken', 1), 
(2819, 141, ' Ruggell', 1), 
(2820, 141, ' Schaan', 1), 
(2821, 141, ' Schellenberg', 1), 
(2822, 141, ' Triesen', 1), 
(2823, 141, ' Triesenberg', 1), 
(2824, 142, 'Vilnius', 1), 
(2825, 142, ' Alytaus', 1), 
(2826, 142, ' Kauno', 1), 
(2827, 142, ' Klaipedos', 1), 
(2828, 142, ' Marijampoles', 1), 
(2829, 142, ' Panevezio', 1), 
(2830, 142, ' Siauliu', 1), 
(2831, 142, ' Taurages', 1), 
(2832, 142, ' Telsiu', 1), 
(2833, 142, ' Utenos', 1), 
(2834, 143, 'Luxembourg', 1), 
(2835, 143, ' Diekirch', 1), 
(2836, 143, ' Grevenmacher', 1), 
(2837, 144, 'Skopje', 1), 
(2838, 144, ' Aracinovo', 1), 
(2839, 144, ' Bac', 1), 
(2840, 144, ' Belcista', 1), 
(2841, 144, ' Berovo', 1), 
(2842, 144, ' Bistrica', 1), 
(2843, 144, ' Bitola', 1), 
(2844, 144, ' Blatec', 1), 
(2845, 144, ' Bogdanci', 1), 
(2846, 144, ' Bogomila', 1), 
(2847, 144, ' Bogovinje', 1), 
(2848, 144, ' Bosilovo', 1), 
(2849, 144, ' Brvenica', 1), 
(2850, 144, ' Cair', 1), 
(2851, 144, ' Capari', 1), 
(2852, 144, ' Caska', 1), 
(2853, 144, ' Cegrane', 1), 
(2854, 144, ' Centar', 1), 
(2855, 144, ' Centar Zupa', 1), 
(2856, 144, ' Cesinovo', 1), 
(2857, 144, ' Cucer-Sandevo', 1), 
(2858, 144, ' Debar', 1), 
(2859, 144, ' Delcevo', 1), 
(2860, 144, ' Delogozdi', 1), 
(2861, 144, ' Demir Hisar', 1), 
(2862, 144, ' Demir Kapija', 1), 
(2863, 144, ' Dobrusevo', 1), 
(2864, 144, ' Dolna Banjica', 1), 
(2865, 144, ' Dolneni', 1), 
(2866, 144, ' Dorce Petrov', 1), 
(2867, 144, ' Drugovo', 1), 
(2868, 144, ' Dzepciste', 1), 
(2869, 144, ' Gazi Baba', 1), 
(2870, 144, ' Gevgelija', 1), 
(2871, 144, ' Gostivar', 1), 
(2872, 144, ' Gradsko', 1), 
(2873, 144, ' Ilinden', 1), 
(2874, 144, ' Izvor', 1), 
(2875, 144, ' Jegunovce', 1), 
(2876, 144, ' Kamenjane', 1), 
(2877, 144, ' Karbinci', 1), 
(2878, 144, ' Karpos', 1), 
(2879, 144, ' Kavadarci', 1), 
(2880, 144, ' Kicevo', 1), 
(2881, 144, ' Kisela Voda', 1), 
(2882, 144, ' Klecevce', 1), 
(2883, 144, ' Kocani', 1), 
(2884, 144, ' Konce', 1), 
(2885, 144, ' Kondovo', 1), 
(2886, 144, ' Konopiste', 1), 
(2887, 144, ' Kosel', 1), 
(2888, 144, ' Kratovo', 1), 
(2889, 144, ' Kriva Palanka', 1), 
(2890, 144, ' Krivogastani', 1), 
(2891, 144, ' Krusevo', 1), 
(2892, 144, ' Kuklis', 1), 
(2893, 144, ' Kukurecani', 1), 
(2894, 144, ' Kumanovo', 1), 
(2895, 144, ' Labunista', 1), 
(2896, 144, ' Lipkovo', 1), 
(2897, 144, ' Lozovo', 1), 
(2898, 144, ' Lukovo', 1), 
(2899, 144, ' Makedonska Kamenica', 1), 
(2900, 144, ' Makedonski Brod', 1), 
(2901, 144, ' Mavrovi Anovi', 1), 
(2902, 144, ' Meseista', 1), 
(2903, 144, ' Miravci', 1), 
(2904, 144, ' Mogila', 1), 
(2905, 144, ' Murtino', 1), 
(2906, 144, ' Negotino', 1), 
(2907, 144, ' Negotino-Polosko', 1), 
(2908, 144, ' Novaci', 1), 
(2909, 144, ' Novo Selo', 1), 
(2910, 144, ' Oblesevo', 1), 
(2911, 144, ' Ohrid', 1), 
(2912, 144, ' Orasac', 1), 
(2913, 144, ' Orizari', 1), 
(2914, 144, ' Oslomej', 1), 
(2915, 144, ' Pehcevo', 1), 
(2916, 144, ' Petrovec', 1), 
(2917, 144, ' Plasnica', 1), 
(2918, 144, ' Podares', 1), 
(2919, 144, ' Prilep', 1), 
(2920, 144, ' Probistip', 1), 
(2921, 144, ' Radovis', 1), 
(2922, 144, ' Rankovce', 1), 
(2923, 144, ' Resen', 1), 
(2924, 144, ' Rosoman', 1), 
(2925, 144, ' Rostusa', 1), 
(2926, 144, ' Samokov', 1), 
(2927, 144, ' Saraj', 1), 
(2928, 144, ' Sipkovica', 1), 
(2929, 144, ' Sopiste', 1), 
(2930, 144, ' Sopotnica', 1), 
(2931, 144, ' Srbinovo', 1), 
(2932, 144, ' Star Dojran', 1), 
(2933, 144, ' Staravina', 1), 
(2934, 144, ' Staro Nagoricane', 1), 
(2935, 144, ' Stip', 1), 
(2936, 144, ' Struga', 1), 
(2937, 144, ' Strumica', 1), 
(2938, 144, ' Studenicani', 1), 
(2939, 144, ' Suto Orizari', 1), 
(2940, 144, ' Sveti Nikole', 1), 
(2941, 144, ' Tearce', 1), 
(2942, 144, ' Tetovo', 1), 
(2943, 144, ' Topolcani', 1), 
(2944, 144, ' Valandovo', 1), 
(2945, 144, ' Vasilevo', 1), 
(2946, 144, ' Velesta', 1), 
(2947, 144, ' Veles', 1), 
(2948, 144, ' Vevcani', 1), 
(2949, 144, ' Vinica', 1), 
(2950, 144, ' Vitoliste', 1), 
(2951, 144, ' Vranestica', 1), 
(2952, 144, ' Vrapciste', 1), 
(2953, 144, ' Vratnica', 1), 
(2954, 144, ' Vrutok', 1), 
(2955, 144, ' Zajas', 1), 
(2956, 144, ' Zelenikovo', 1), 
(2957, 144, ' Zeleno', 1), 
(2958, 144, ' Zitose', 1), 
(2959, 144, ' Zletovo', 1), 
(2960, 144, ' Zrnovci', 1), 
(2961, 145, 'Valletta', 1), 
(2962, 146, 'Chisinau', 1), 
(2963, 146, ' Balti', 1), 
(2964, 146, ' Cahul', 1), 
(2965, 146, ' Chisinau', 1), 
(2966, 146, ' Chisinau', 1), 
(2967, 146, ' Edinet', 1), 
(2968, 146, ' Gagauzia', 1), 
(2969, 146, ' Lapusna', 1), 
(2970, 146, ' Orhei', 1), 
(2971, 146, ' Soroca', 1), 
(2972, 146, ' Stinga Nistrului', 1), 
(2973, 146, ' Tighina', 1), 
(2974, 146, ' Ungheni', 1), 
(2975, 147, 'Monaco', 1), 
(2976, 147, ' Fontvieille', 1), 
(2977, 147, ' La Condamine', 1), 
(2978, 147, ' Monaco-Ville', 1), 
(2979, 147, ' Monte-Carlo', 1), 
(2980, 148, 'Amsterdam', 1), 
(2981, 148, ' The Hague', 1), 
(2982, 148, ' Drenthe', 1), 
(2983, 148, ' Flevoland', 1), 
(2984, 148, ' Friesland', 1), 
(2985, 148, ' Gelderland', 1), 
(2986, 148, ' Groningen', 1), 
(2987, 148, ' Limburg', 1), 
(2988, 148, ' Noord-Brabant', 1), 
(2989, 148, ' Noord-Holland', 1), 
(2990, 148, ' Overijssel', 1), 
(2991, 148, ' Utrecht', 1), 
(2992, 148, ' Zeeland', 1), 
(2993, 148, ' Zuid-Holland', 1), 
(2994, 149, 'Oslo', 1), 
(2995, 149, ' Akershus', 1), 
(2996, 149, ' Aust-Agder', 1), 
(2997, 149, ' Buskerud', 1), 
(2998, 149, ' Finnmark', 1), 
(2999, 149, ' Hedmark', 1), 
(3000, 149, ' Hordaland', 1), 
(3001, 149, ' More og Romsdal', 1);

insert  into zonas values 
(3002, 149, ' Nordland', 1), 
(3003, 149, ' Nord-Trondelag', 1), 
(3004, 149, ' Oppland', 1), 
(3005, 149, ' Ostfold', 1), 
(3006, 149, ' Rogaland', 1), 
(3007, 149, ' Sogn og Fjordane', 1), 
(3008, 149, ' Sor-Trondelag', 1), 
(3009, 149, ' Telemark', 1), 
(3010, 149, ' Troms', 1), 
(3011, 149, ' Vest-Agder', 1), 
(3012, 149, ' Vestfold', 1), 
(3013, 150, 'Warsaw', 1), 
(3014, 150, ' Dolnoslaskie', 1), 
(3015, 150, ' Kujawsko-Pomorskie', 1), 
(3016, 150, ' Lodzkie', 1), 
(3017, 150, ' Lubelskie', 1), 
(3018, 150, ' Lubuskie', 1), 
(3019, 150, ' Malopolskie', 1), 
(3020, 150, ' Mazowieckie', 1), 
(3021, 150, ' Opolskie', 1), 
(3022, 150, ' Podkarpackie', 1), 
(3023, 150, ' Podlaskie', 1), 
(3024, 150, ' Pomorskie', 1), 
(3025, 150, ' Slaskie', 1), 
(3026, 150, ' Swietokrzyskie', 1), 
(3027, 150, ' Warminsko-Mazurskie', 1), 
(3028, 150, ' Wielkopolskie', 1), 
(3029, 150, ' Zachodniopomorskie', 1), 
(3030, 151, 'Lisbon', 1), 
(3031, 151, ' Aveiro', 1), 
(3032, 151, ' Acores (Azores)', 1), 
(3033, 151, ' Beja', 1), 
(3034, 151, ' Braga', 1), 
(3035, 151, ' Braganca', 1), 
(3036, 151, ' Castelo Branco', 1), 
(3037, 151, ' Coimbra', 1), 
(3038, 151, ' Evora', 1), 
(3039, 151, ' Faro', 1), 
(3040, 151, ' Guarda', 1), 
(3041, 151, ' Leiria', 1), 
(3042, 151, ' Lisboa', 1), 
(3043, 151, ' Madeira', 1), 
(3044, 151, ' Portalegre', 1), 
(3045, 151, ' Porto', 1), 
(3046, 151, ' Santarem', 1), 
(3047, 151, ' Setubal', 1), 
(3048, 151, ' Viana do Castelo', 1), 
(3049, 151, ' Vila Real', 1), 
(3050, 151, ' Viseu', 1), 
(3051, 152, 'Bucharest (Bucuresti)', 1), 
(3052, 152, ' Alba', 1), 
(3053, 152, ' Arad', 1), 
(3054, 152, ' Arges', 1), 
(3055, 152, ' Bacau', 1), 
(3056, 152, ' Bihor', 1), 
(3057, 152, ' Bistrita-Nasaud', 1), 
(3058, 152, ' Botosani', 1), 
(3059, 152, ' Braila', 1), 
(3060, 152, ' Brasov', 1), 
(3061, 152, ' Buzau', 1), 
(3062, 152, ' Calarasi', 1), 
(3063, 152, ' Caras-Severin', 1), 
(3064, 152, ' Cluj', 1), 
(3065, 152, ' Constanta', 1), 
(3066, 152, ' Covasna', 1), 
(3067, 152, ' Dimbovita', 1), 
(3068, 152, ' Dolj', 1), 
(3069, 152, ' Galati', 1), 
(3070, 152, ' Gorj', 1), 
(3071, 152, ' Giurgiu', 1), 
(3072, 152, ' Harghita', 1), 
(3073, 152, ' Hunedoara', 1), 
(3074, 152, ' Ialomita', 1), 
(3075, 152, ' Iasi', 1), 
(3076, 152, ' Ilfov', 1), 
(3077, 152, ' Maramures', 1), 
(3078, 152, ' Mehedinti', 1), 
(3079, 152, ' Mures', 1), 
(3080, 152, ' Neamt', 1), 
(3081, 152, ' Olt', 1), 
(3082, 152, ' Prahova', 1), 
(3083, 152, ' Salaj', 1), 
(3084, 152, ' Satu Mare', 1), 
(3085, 152, ' Sibiu', 1), 
(3086, 152, ' Suceava', 1), 
(3087, 152, ' Teleorman', 1), 
(3088, 152, ' Timis', 1), 
(3089, 152, ' Tulcea', 1), 
(3090, 152, ' Vaslui', 1), 
(3091, 152, ' Vilcea', 1), 
(3092, 152, ' Vrancea', 1), 
(3093, 153, 'San Marino', 1), 
(3094, 153, ' Acquaviva', 1), 
(3095, 153, ' Borgo Maggiore', 1), 
(3096, 153, ' Chiesanuova', 1), 
(3097, 153, ' Domagnano', 1), 
(3098, 153, ' Faetano', 1), 
(3099, 153, ' Fiorentino', 1), 
(3100, 153, ' Monte Giardino', 1), 
(3101, 153, ' Serravalle', 1), 
(3102, 154, 'Belgrade', 1), 
(3103, 154, ' Kosovo', 1), 
(3104, 154, ' Montenegro', 1), 
(3105, 154, ' Serbia', 1), 
(3106, 154, ' Vojvodina', 1), 
(3107, 155, 'Bratislava', 1), 
(3108, 155, ' Banskobystricky', 1), 
(3109, 155, ' Kosicky', 1), 
(3110, 155, ' Nitriansky', 1), 
(3111, 155, ' Presovsky', 1), 
(3112, 155, ' Trenciansky', 1), 
(3113, 155, ' Trnavsky', 1), 
(3114, 155, ' Zilinsky', 1), 
(3115, 156, 'Ljubljana', 1), 
(3116, 156, ' Ajdovscina', 1), 
(3117, 156, ' Beltinci', 1), 
(3118, 156, ' Bled', 1), 
(3119, 156, ' Bohinj', 1), 
(3120, 156, ' Borovnica', 1), 
(3121, 156, ' Bovec', 1), 
(3122, 156, ' Brda', 1), 
(3123, 156, ' Brezice', 1), 
(3124, 156, ' Brezovica', 1), 
(3125, 156, ' Cankova-Tisina', 1), 
(3126, 156, ' Celje', 1), 
(3127, 156, ' Cerklje na Gorenjskem', 1), 
(3128, 156, ' Cerknica', 1), 
(3129, 156, ' Cerkno', 1), 
(3130, 156, ' Crensovci', 1), 
(3131, 156, ' Crna na Koroskem', 1), 
(3132, 156, ' Crnomelj', 1), 
(3133, 156, ' Destrnik-Trnovska Vas', 1), 
(3134, 156, ' Divaca', 1), 
(3135, 156, ' Dobrepolje', 1), 
(3136, 156, ' Dobrova-Horjul-Polhov Gradec', 1), 
(3137, 156, ' Dol pri Ljubljani', 1), 
(3138, 156, ' Domzale', 1), 
(3139, 156, ' Dornava', 1), 
(3140, 156, ' Dravograd', 1), 
(3141, 156, ' Duplek', 1), 
(3142, 156, ' Gorenja Vas-Poljane', 1), 
(3143, 156, ' Gorisnica', 1), 
(3144, 156, ' Gornja Radgona', 1), 
(3145, 156, ' Gornji Grad', 1), 
(3146, 156, ' Gornji Petrovci', 1), 
(3147, 156, ' Grosuplje', 1), 
(3148, 156, ' Hodos Salovci', 1), 
(3149, 156, ' Hrastnik', 1), 
(3150, 156, ' Hrpelje-Kozina', 1), 
(3151, 156, ' Idrija', 1), 
(3152, 156, ' Ig', 1), 
(3153, 156, ' Ilirska Bistrica', 1), 
(3154, 156, ' Ivancna Gorica', 1), 
(3155, 156, ' Izola', 1), 
(3156, 156, ' Jesenice', 1), 
(3157, 156, ' Jursinci', 1), 
(3158, 156, ' Kamnik', 1), 
(3159, 156, ' Kanal', 1), 
(3160, 156, ' Kidricevo', 1), 
(3161, 156, ' Kobarid', 1), 
(3162, 156, ' Kobilje', 1), 
(3163, 156, ' Kocevje', 1), 
(3164, 156, ' Komen', 1), 
(3165, 156, ' Koper', 1), 
(3166, 156, ' Kozje', 1), 
(3167, 156, ' Kranj', 1), 
(3168, 156, ' Kranjska Gora', 1), 
(3169, 156, ' Krsko', 1), 
(3170, 156, ' Kungota', 1), 
(3171, 156, ' Kuzma', 1), 
(3172, 156, ' Lasko', 1), 
(3173, 156, ' Lenart', 1), 
(3174, 156, ' Lendava', 1), 
(3175, 156, ' Litija', 1), 
(3176, 156, ' Ljubno', 1), 
(3177, 156, ' Ljutomer', 1), 
(3178, 156, ' Logatec', 1), 
(3179, 156, ' Loska Dolina', 1), 
(3180, 156, ' Loski Potok', 1), 
(3181, 156, ' Luce', 1), 
(3182, 156, ' Lukovica', 1), 
(3183, 156, ' Majsperk', 1), 
(3184, 156, ' Maribor', 1), 
(3185, 156, ' Medvode', 1), 
(3186, 156, ' Menges', 1), 
(3187, 156, ' Metlika', 1), 
(3188, 156, ' Mezica', 1), 
(3189, 156, ' Miren-Kostanjevica', 1), 
(3190, 156, ' Mislinja', 1), 
(3191, 156, ' Moravce', 1), 
(3192, 156, ' Moravske Toplice', 1), 
(3193, 156, ' Mozirje', 1), 
(3194, 156, ' Murska Sobota', 1), 
(3195, 156, ' Muta', 1), 
(3196, 156, ' Naklo', 1), 
(3197, 156, ' Nazarje', 1), 
(3198, 156, ' Nova Gorica', 1), 
(3199, 156, ' Novo Mesto', 1), 
(3200, 156, ' Odranci', 1), 
(3201, 156, ' Ormoz', 1), 
(3202, 156, ' Osilnica', 1), 
(3203, 156, ' Pesnica', 1), 
(3204, 156, ' Piran', 1), 
(3205, 156, ' Pivka', 1), 
(3206, 156, ' Podcetrtek', 1), 
(3207, 156, ' Podvelka-Ribnica', 1), 
(3208, 156, ' Postojna', 1), 
(3209, 156, ' Preddvor', 1), 
(3210, 156, ' Ptuj', 1), 
(3211, 156, ' Puconci', 1), 
(3212, 156, ' Race-Fram', 1), 
(3213, 156, ' Radece', 1), 
(3214, 156, ' Radenci', 1), 
(3215, 156, ' Radlje ob Dravi', 1), 
(3216, 156, ' Radovljica', 1), 
(3217, 156, ' Ravne-Prevalje', 1), 
(3218, 156, ' Ribnica', 1), 
(3219, 156, ' Rogasevci', 1), 
(3220, 156, ' Rogaska Slatina', 1), 
(3221, 156, ' Rogatec', 1), 
(3222, 156, ' Ruse', 1), 
(3223, 156, ' Semic', 1), 
(3224, 156, ' Sencur', 1), 
(3225, 156, ' Sentilj', 1), 
(3226, 156, ' Sentjernej', 1), 
(3227, 156, ' Sentjur pri Celju', 1), 
(3228, 156, ' Sevnica', 1), 
(3229, 156, ' Sezana', 1), 
(3230, 156, ' Skocjan', 1), 
(3231, 156, ' Skofja Loka', 1), 
(3232, 156, ' Skofljica', 1), 
(3233, 156, ' Slovenj Gradec', 1), 
(3234, 156, ' Slovenska Bistrica', 1), 
(3235, 156, ' Slovenske Konjice', 1), 
(3236, 156, ' Smarje pri Jelsah', 1), 
(3237, 156, ' Smartno ob Paki', 1), 
(3238, 156, ' Sostanj', 1), 
(3239, 156, ' Starse', 1), 
(3240, 156, ' Store', 1), 
(3241, 156, ' Sveti Jurij', 1), 
(3242, 156, ' Tolmin', 1), 
(3243, 156, ' Trbovlje', 1), 
(3244, 156, ' Trebnje', 1), 
(3245, 156, ' Trzic', 1), 
(3246, 156, ' Turnisce', 1), 
(3247, 156, ' Velenje', 1), 
(3248, 156, ' Velike Lasce', 1), 
(3249, 156, ' Videm', 1), 
(3250, 156, ' Vipava', 1), 
(3251, 156, ' Vitanje', 1), 
(3252, 156, ' Vodice', 1), 
(3253, 156, ' Vojnik', 1), 
(3254, 156, ' Vrhnika', 1), 
(3255, 156, ' Vuzenica', 1), 
(3256, 156, ' Zagorje ob Savi', 1), 
(3257, 156, ' Zalec', 1), 
(3258, 156, ' Zavrc', 1), 
(3259, 156, ' Zelezniki', 1), 
(3260, 156, ' Ziri', 1), 
(3261, 156, ' Zrece', 1), 
(3262, 157, 'Madrid', 1), 
(3263, 157, ' Andalucia', 1), 
(3264, 157, ' Aragon', 1), 
(3265, 157, ' Asturias', 1), 
(3266, 157, ' Baleares (Balearic Islands)', 1), 
(3267, 157, ' Ceuta', 1), 
(3268, 157, ' Canarias (Canary Islands)', 1), 
(3269, 157, ' Cantabria', 1), 
(3270, 157, ' Castilla-La Mancha', 1), 
(3271, 157, ' Castilla y Leon', 1), 
(3272, 157, ' Cataluna', 1), 
(3273, 157, ' Communidad Valencian', 1), 
(3274, 157, ' Extremadura', 1), 
(3275, 157, ' Galicia', 1), 
(3276, 157, ' La Rioja', 1), 
(3277, 157, ' Melilla', 1), 
(3278, 157, ' Murcia', 1), 
(3279, 157, ' Navarra', 1), 
(3280, 157, ' Pais Vasco (Basque Country)', 1), 
(3281, 158, 'Stockholm', 1), 
(3282, 158, ' Blekinge', 1), 
(3283, 158, ' Dalarnas', 1), 
(3284, 158, ' Gavleborgs', 1), 
(3285, 158, ' Gotlands', 1), 
(3286, 158, ' Hallands', 1), 
(3287, 158, ' Jamtlands', 1), 
(3288, 158, ' Jonkopings', 1), 
(3289, 158, ' Kalmar', 1), 
(3290, 158, ' Kronobergs', 1), 
(3291, 158, ' Norrbottens', 1), 
(3292, 158, ' Orebro', 1), 
(3293, 158, ' Ostergotlands', 1), 
(3294, 158, ' Skane', 1), 
(3295, 158, ' Sodermanlands', 1), 
(3296, 158, ' Uppsala', 1), 
(3297, 158, ' Varmlands', 1), 
(3298, 158, ' Vasterbottens', 1), 
(3299, 158, ' Vasternorrlands', 1), 
(3300, 158, ' Vastmanlands', 1), 
(3301, 158, ' Vastra Gotalands', 1), 
(3302, 159, 'Bern', 1), 
(3303, 159, ' Aargau', 1), 
(3304, 159, ' Appenzell Ausser-Rhoden', 1), 
(3305, 159, ' Appenzell Inner-Rhoden', 1), 
(3306, 159, ' Basel-Landschaft', 1), 
(3307, 159, ' Basel-Stadt', 1), 
(3308, 159, ' Fribourg', 1), 
(3309, 159, ' Geneve', 1), 
(3310, 159, ' Glarus', 1), 
(3311, 159, ' Graubunden', 1), 
(3312, 159, ' Jura', 1), 
(3313, 159, ' Luzern', 1), 
(3314, 159, ' Neuchatel', 1), 
(3315, 159, ' Nidwalden', 1), 
(3316, 159, ' Obwalden', 1), 
(3317, 159, ' Sankt Gallen', 1), 
(3318, 159, ' Schaffhausen', 1), 
(3319, 159, ' Schwyz', 1), 
(3320, 159, ' Solothurn', 1), 
(3321, 159, ' Thurgau', 1), 
(3322, 159, ' Ticino', 1), 
(3323, 159, ' Uri', 1), 
(3324, 159, ' Valais', 1), 
(3325, 159, ' Vaud', 1), 
(3326, 159, ' Zug', 1), 
(3327, 159, ' Zurich', 1), 
(3328, 160, 'Kiev (Kyyiv)', 1), 
(3329, 160, ' Cherkas\'ka (Cherkasy)', 1), 
(3330, 160, ' Chernihivs\'ka (Chernihiv)', 1), 
(3331, 160, ' Chernivets\'ka (Chernivtsi)', 1), 
(3332, 160, ' Dnipropetrovs\'ka (Dnipropetrovs\'k)', 1), 
(3333, 160, ' Donets\'ka (Donets\'k)', 1), 
(3334, 160, ' Ivano-Frankivs\'ka (Ivano-Frankivs\'k)', 1), 
(3335, 160, ' Izmail (Izmayl)', 1), 
(3336, 160, ' Kharkivs\'ka (Kharkiv)', 1), 
(3337, 160, ' Khersons\'ka (Kherson)', 1), 
(3338, 160, ' Khmel\'nyts\'ka (Khmel\'nyts\'kyy)', 1), 
(3339, 160, ' Kirovohrads\'ka (Kirovohrad)', 1), 
(3340, 160, ' Luhans\'ka (Luhans\'k)', 1), 
(3341, 160, ' L\'vivs\'ka (L\'viv)', 1), 
(3342, 160, ' Mykolayivs\'ka (Mykolayiv)', 1), 
(3343, 160, ' Odes\'ka (Odesa)', 1), 
(3344, 160, ' Poltavs\'ka (Poltava)', 1), 
(3345, 160, ' Avtonomna Respublika Krym', 1), 
(3346, 160, ' Rivnens\'ka (Rivne)', 1), 
(3347, 160, ' Sevastopol\'Sums\'ka (Sumy)', 1), 
(3348, 160, ' Ternopil\'s\'ka (Ternopil\')', 1), 
(3349, 160, ' Vinnyts\'ka (Vinnytsya)', 1), 
(3350, 160, ' Volyns\'ka (Luts\'k)', 1), 
(3351, 160, ' Zakarpats\'ka (Uzhhorod)', 1), 
(3352, 160, ' Zaporiz\'ka (Zaporizhzhya)', 1), 
(3353, 160, ' Zhytomyrs\'ka (Zhytomyr)', 1), 
(3354, 161, '-----ENGLAND:-----', 1), 
(3355, 161, ' Barking/Dagenham', 1), 
(3356, 161, ' Barnet', 1), 
(3357, 161, ' Barnsley', 1), 
(3358, 161, ' Bath/North East Somerset', 1), 
(3359, 161, ' Bedfordshire', 1), 
(3360, 161, ' Bexley', 1), 
(3361, 161, ' Birmingham', 1), 
(3362, 161, ' Blackburn with Darwen', 1), 
(3363, 161, ' Blackpool', 1), 
(3364, 161, ' Bolton', 1), 
(3365, 161, ' Bournemouth', 1), 
(3366, 161, ' Bracknell Forest', 1), 
(3367, 161, ' Bradford', 1), 
(3368, 161, ' Brent', 1), 
(3369, 161, ' Brighton/Hove', 1), 
(3370, 161, ' City of Bristol', 1), 
(3371, 161, ' Bromley', 1), 
(3372, 161, ' Buckinghamshire', 1), 
(3373, 161, ' Bury', 1), 
(3374, 161, ' Calderdale', 1), 
(3375, 161, ' Cambridgeshire', 1), 
(3376, 161, ' Camden', 1), 
(3377, 161, ' Cheshire', 1), 
(3378, 161, ' Cornwall', 1), 
(3379, 161, ' Coventry', 1), 
(3380, 161, ' Croydon', 1), 
(3381, 161, ' Cumbria', 1), 
(3382, 161, ' Darlington', 1), 
(3383, 161, ' Derby', 1), 
(3384, 161, ' Derbyshire', 1), 
(3385, 161, ' Devon', 1), 
(3386, 161, ' Doncaster', 1), 
(3387, 161, ' Dorset', 1), 
(3388, 161, ' Dudley', 1), 
(3389, 161, ' Durham', 1), 
(3390, 161, ' Ealing', 1), 
(3391, 161, ' East Riding of Yorkshire', 1), 
(3392, 161, ' East Sussex', 1), 
(3393, 161, ' Enfield', 1), 
(3394, 161, ' Essex', 1), 
(3395, 161, ' Gateshead', 1), 
(3396, 161, ' Gloucestershire', 1), 
(3397, 161, ' Greenwich', 1), 
(3398, 161, ' Hackney', 1), 
(3399, 161, ' Halton', 1), 
(3400, 161, ' Hammersmith/Fulham', 1), 
(3401, 161, ' Hampshire', 1), 
(3402, 161, ' Haringey', 1), 
(3403, 161, ' Harrow', 1), 
(3404, 161, ' Hartlepool', 1), 
(3405, 161, ' Havering', 1), 
(3406, 161, ' Herefordshire', 1), 
(3407, 161, ' Hertfordshire', 1), 
(3408, 161, ' Hillingdon', 1), 
(3409, 161, ' Hounslow', 1), 
(3410, 161, ' Isle of Wight', 1), 
(3411, 161, ' Islington', 1), 
(3412, 161, ' Kensington/Chelsea', 1), 
(3413, 161, ' Kent', 1), 
(3414, 161, ' City of Kingston upon Hull', 1), 
(3415, 161, ' Kingston upon Thames', 1), 
(3416, 161, ' Kirklees', 1), 
(3417, 161, ' Knowsley', 1), 
(3418, 161, ' Lambeth', 1), 
(3419, 161, ' Lancashire', 1), 
(3420, 161, ' Leeds', 1), 
(3421, 161, ' Leicester', 1), 
(3422, 161, ' Leicestershire', 1), 
(3423, 161, ' Lewisham', 1), 
(3424, 161, ' Lincolnshire', 1), 
(3425, 161, ' Liverpool', 1), 
(3426, 161, ' City of London', 1), 
(3427, 161, ' Luton', 1), 
(3428, 161, ' Manchester', 1), 
(3429, 161, ' Medway', 1), 
(3430, 161, ' Merton', 1), 
(3431, 161, ' Middlesbrough', 1), 
(3432, 161, ' Milton Keynes', 1), 
(3433, 161, ' Newcastle upon Tyne', 1), 
(3434, 161, ' Newham', 1), 
(3435, 161, ' Norfolk', 1), 
(3436, 161, ' Northamptonshire', 1), 
(3437, 161, ' North East Lincolnshire', 1), 
(3438, 161, ' North Lincolnshire', 1), 
(3439, 161, ' North Somerset', 1), 
(3440, 161, ' North Tyneside', 1), 
(3441, 161, ' Northumberl/', 1), 
(3442, 161, ' North Yorkshire', 1), 
(3443, 161, ' Nottingham', 1), 
(3444, 161, ' Nottinghamshire', 1), 
(3445, 161, ' Oldham', 1), 
(3446, 161, ' Oxfordshire', 1), 
(3447, 161, ' Peterborough', 1), 
(3448, 161, ' Plymouth', 1), 
(3449, 161, ' Poole', 1), 
(3450, 161, ' Portsmouth', 1), 
(3451, 161, ' Reading', 1), 
(3452, 161, ' Redbridge', 1), 
(3453, 161, ' Redcar/Clevel/', 1), 
(3454, 161, ' Richmond upon Thames', 1), 
(3455, 161, ' Rochdale', 1), 
(3456, 161, ' Rotherham', 1), 
(3457, 161, ' Rutl/', 1), 
(3458, 161, ' Salford', 1), 
(3459, 161, ' Shropshire', 1), 
(3460, 161, ' S/well', 1), 
(3461, 161, ' Sefton', 1), 
(3462, 161, ' Sheffield', 1), 
(3463, 161, ' Slough', 1), 
(3464, 161, ' Solihull', 1), 
(3465, 161, ' Somerset', 1), 
(3466, 161, ' Southampton', 1), 
(3467, 161, ' Southend-on-Sea', 1), 
(3468, 161, ' South Gloucestershire', 1), 
(3469, 161, ' South Tyneside', 1), 
(3470, 161, ' Southwark', 1), 
(3471, 161, ' Staffordshire', 1), 
(3472, 161, ' St. Helens', 1), 
(3473, 161, ' Stockport', 1), 
(3474, 161, ' Stockton-on-Tees', 1), 
(3475, 161, ' Stoke-on-Trent', 1), 
(3476, 161, ' Suffolk', 1), 
(3477, 161, ' Sunderl/', 1), 
(3478, 161, ' Surrey', 1), 
(3479, 161, ' Sutton', 1), 
(3480, 161, ' Swindon', 1), 
(3481, 161, ' Tameside', 1), 
(3482, 161, ' Telford/Wrekin', 1), 
(3483, 161, ' Thurrock', 1), 
(3484, 161, ' Torbay', 1), 
(3485, 161, ' Tower Hamlets', 1), 
(3486, 161, ' Trafford', 1), 
(3487, 161, ' Wakefield', 1), 
(3488, 161, ' Walsall', 1), 
(3489, 161, ' Waltham Forest', 1), 
(3490, 161, ' W/sworth', 1), 
(3491, 161, ' Warrington', 1), 
(3492, 161, ' Warwickshire', 1), 
(3493, 161, ' West Berkshire', 1), 
(3494, 161, ' Westminster', 1), 
(3495, 161, ' West Sussex', 1), 
(3496, 161, ' Wigan', 1), 
(3497, 161, ' Wiltshire', 1), 
(3498, 161, ' Windsor/Maidenhead', 1), 
(3499, 161, ' Wirral', 1), 
(3500, 161, ' Wokingham', 1), 
(3501, 161, ' Wolverhampton', 1), 
(3502, 161, ' Worcestershire', 1), 
(3503, 161, ' York', 1), 
(3504, 161, ' -----NORTHERN IRELAND:-----', 1), 
(3505, 161, ' Antrim', 1), 
(3506, 161, ' County Antrim', 1), 
(3507, 161, ' Ards', 1), 
(3508, 161, ' Armagh', 1), 
(3509, 161, ' County Armagh', 1), 
(3510, 161, ' Ballymena', 1), 
(3511, 161, ' Ballymoney', 1), 
(3512, 161, ' Banbridge', 1), 
(3513, 161, ' Belfast', 1), 
(3514, 161, ' Carrickfergus', 1), 
(3515, 161, ' Castlereagh', 1), 
(3516, 161, ' Coleraine', 1), 
(3517, 161, ' Cookstown', 1), 
(3518, 161, ' Craigavon', 1), 
(3519, 161, ' Down', 1), 
(3520, 161, ' County Down', 1), 
(3521, 161, ' Dungannon', 1), 
(3522, 161, ' Fermanagh', 1), 
(3523, 161, ' County Fermanagh', 1), 
(3524, 161, ' Larne', 1), 
(3525, 161, ' Limavady', 1), 
(3526, 161, ' Lisburn', 1), 
(3527, 161, ' County Londonderry', 1), 
(3528, 161, ' Derry', 1), 
(3529, 161, ' Magherafelt', 1), 
(3530, 161, ' Moyle', 1), 
(3531, 161, ' Newry/Mourne', 1), 
(3532, 161, ' Newtownabbey', 1), 
(3533, 161, ' North Down', 1), 
(3534, 161, ' Omagh', 1), 
(3535, 161, ' Strabane', 1), 
(3536, 161, ' County Tyrone', 1), 
(3537, 161, ' -----SCOTLAND:-----', 1), 
(3538, 161, ' Aberdeen City', 1), 
(3539, 161, ' Aberdeenshire', 1), 
(3540, 161, ' Angus', 1), 
(3541, 161, ' Argyll/Bute', 1), 
(3542, 161, ' The Scottish Borders', 1), 
(3543, 161, ' Clackmannanshire', 1), 
(3544, 161, ' Dumfries/Galloway', 1), 
(3545, 161, ' Dundee City', 1), 
(3546, 161, ' East Ayrshire', 1), 
(3547, 161, ' East Dunbartonshire', 1), 
(3548, 161, ' East Lothian', 1), 
(3549, 161, ' East Renfrewshire', 1), 
(3550, 161, ' City of Edinburgh', 1), 
(3551, 161, ' Falkirk', 1), 
(3552, 161, ' Fife', 1), 
(3553, 161, ' Glasgow City', 1), 
(3554, 161, ' Highland', 1), 
(3555, 161, ' Inverclyde', 1), 
(3556, 161, ' Midlothian', 1), 
(3557, 161, ' Moray', 1), 
(3558, 161, ' North Ayrshire', 1), 
(3559, 161, ' North Lanarkshire', 1), 
(3560, 161, ' Orkney Islands', 1), 
(3561, 161, ' Perth/Kinross', 1), 
(3562, 161, ' Renfrewshire', 1), 
(3563, 161, ' Shetland Islands', 1), 
(3564, 161, ' South Ayrshire', 1), 
(3565, 161, ' South Lanarkshire', 1), 
(3566, 161, ' Stirling', 1), 
(3567, 161, ' West Dunbartonshire', 1), 
(3568, 161, ' Eilean Siar (Western Isles)', 1), 
(3569, 161, ' West Lothian', 1), 
(3570, 161, ' -----WALES-----:', 1), 
(3571, 161, ' Isle of Anglesey', 1), 
(3572, 161, ' Blaenau Gwent', 1), 
(3573, 161, ' Bridgend', 1), 
(3574, 161, ' Caerphilly', 1), 
(3575, 161, ' Cardiff', 1), 
(3576, 161, ' Ceredigion', 1), 
(3577, 161, ' Carmarthenshire', 1), 
(3578, 161, ' Conwy', 1), 
(3579, 161, ' Denbighshire', 1), 
(3580, 161, ' Flintshire', 1), 
(3581, 161, ' Gwynedd', 1), 
(3582, 161, ' Merthyr Tydfil', 1), 
(3583, 161, ' Monmouthshire', 1), 
(3584, 161, ' Neath Port Talbot', 1), 
(3585, 161, ' Newport', 1), 
(3586, 161, ' Pembrokeshire', 1), 
(3587, 161, ' Powys', 1), 
(3588, 161, ' Rhondda Cynon Taff', 1), 
(3589, 161, ' Swansea', 1), 
(3590, 161, ' Torfaen', 1), 
(3591, 161, ' The Vale of Glamorgan', 1), 
(3592, 161, ' Wrexham', 1), 
(3593, 162, '', 1), 
(3594, 163, 'Franz Josef Land', 1), 
(3595, 163, ' Svalbard', 1), 
(3596, 164, 'Alderney', 1), 
(3597, 164, ' Azores', 1), 
(3598, 164, ' Baixo', 1), 
(3599, 164, ' Belle-Ile', 1), 
(3600, 164, ' Bermuda', 1), 
(3601, 164, ' Bioko', 1), 
(3602, 164, ' Block', 1), 
(3603, 164, ' Boa Vista', 1), 
(3604, 164, ' Borduy', 1), 
(3605, 164, ' Bugio', 1), 
(3606, 164, ' Canary Islands', 1), 
(3607, 164, ' Cape Breton', 1), 
(3608, 164, ' Cape Verde Islands', 1), 
(3609, 164, ' Channel Islands', 1), 
(3610, 164, ' Corvo', 1), 
(3611, 164, ' Deer Isle', 1), 
(3612, 164, ' Eysturoy', 1), 
(3613, 164, ' Faeroe Islands', 1), 
(3614, 164, ' Fago', 1), 
(3615, 164, ' Faial', 1), 
(3616, 164, ' Flores', 1), 
(3617, 164, ' Fuerteventura', 1), 
(3618, 164, ' Fugloy', 1), 
(3619, 164, ' Gomera', 1), 
(3620, 164, ' Graciosa', 1), 
(3621, 164, ' Gran Canaria', 1), 
(3622, 164, ' Grand Manan', 1), 
(3623, 164, ' Grande', 1), 
(3624, 164, ' Greenland', 1), 
(3625, 164, ' Guernsey', 1), 
(3626, 164, ' Hebrides', 1), 
(3627, 164, ' Herm', 1), 
(3628, 164, ' Hestur', 1), 
(3629, 164, ' Hierro', 1), 
(3630, 164, ' Iceland', 1), 
(3631, 164, ' Iles De La Madeleine', 1), 
(3632, 164, ' Ile de Noirmoutier', 1), 
(3633, 164, ' Ile de\' Re', 1), 
(3634, 164, ' Ile d\' Olron', 1), 
(3635, 164, ' Ile d\' Yeu', 1), 
(3636, 164, ' Ilhas Desertas', 1), 
(3637, 164, ' Ireland', 1), 
(3638, 164, ' Isle au Haut', 1), 
(3639, 164, ' Isle of Lewis', 1), 
(3640, 164, ' Isle of Mull', 1), 
(3641, 164, ' Isle of Skye', 1), 
(3642, 164, ' Jersey', 1), 
(3643, 164, ' Kalsoy', 1), 
(3644, 164, ' Koltur', 1), 
(3645, 164, ' Kunoy', 1), 
(3646, 164, ' Lanzarote', 1), 
(3647, 164, ' La Palma', 1), 
(3648, 164, ' Litla Dimun', 1), 
(3649, 164, ' Long Island', 1), 
(3650, 164, ' Jan Mayen', 1), 
(3651, 164, ' Madeira Islands', 1), 
(3652, 164, ' Maio', 1), 
(3653, 164, ' Martha\'s Vineyard', 1), 
(3654, 164, ' Matinicus', 1), 
(3655, 164, ' Monhegan', 1), 
(3656, 164, ' Mount Desert', 1), 
(3657, 164, ' Mykines', 1), 
(3658, 164, ' Nantucket Island', 1), 
(3659, 164, ' Newfoundland', 1), 
(3660, 164, ' Nolsoy', 1), 
(3661, 164, ' Orkney Islands', 1), 
(3662, 164, ' Pico', 1), 
(3663, 164, ' Porto Santo', 1), 
(3664, 164, ' Prince Edward Island', 1), 
(3665, 164, ' St. Peter/St. Paul Rocks', 1), 
(3666, 164, ' St.-Pierre/Miquelon', 1), 
(3667, 164, ' Praia', 1), 
(3668, 164, ' Sable Island', 1), 
(3669, 164, ' Sal', 1), 
(3670, 164, ' Sandoy', 1), 
(3671, 164, ' Santo Antao', 1), 
(3672, 164, ' Santa Maria', 1), 
(3673, 164, ' Sao Jorge', 1), 
(3674, 164, ' Sao Miguel', 1), 
(3675, 164, ' Sao Nicolau', 1), 
(3676, 164, ' Sao Tiago', 1), 
(3677, 164, ' Sao Tome/Principe', 1), 
(3678, 164, ' Sao Vicente', 1), 
(3679, 164, ' Sark', 1), 
(3680, 164, ' Scilly Isles', 1), 
(3681, 164, ' Shetland Islands', 1), 
(3682, 164, ' Skuvoy', 1), 
(3683, 164, ' Stora Dimun', 1), 
(3684, 164, ' Streymoy', 1), 
(3685, 164, ' Sumba', 1), 
(3686, 164, ' Svinoy', 1), 
(3687, 164, ' Swans', 1), 
(3688, 164, ' Tenerife', 1), 
(3689, 164, ' Terceira', 1), 
(3690, 164, ' Uist Islands', 1), 
(3691, 164, ' Vagar', 1), 
(3692, 164, ' Viday', 1), 
(3693, 164, ' Vinalhaven', 1), 
(3694, 165, 'Amsterdam', 1), 
(3695, 165, ' Andaman Islands', 1), 
(3696, 165, ' Annobon', 1), 
(3697, 165, ' Ascension', 1), 
(3698, 165, ' Bouvet', 1), 
(3699, 165, ' Falkland Islands', 1), 
(3700, 165, ' Gough', 1), 
(3701, 165, ' Martin Vas Islands', 1), 
(3702, 165, ' Nightingale', 1), 
(3703, 165, ' St. Helena', 1), 
(3704, 165, ' Shag/Black Rocks', 1), 
(3705, 165, ' South Georgia', 1), 
(3706, 165, ' South Orkney Islands', 1), 
(3707, 165, ' South Sandwich Islands', 1), 
(3708, 165, ' Traversay', 1), 
(3709, 165, ' Trindade', 1), 
(3710, 165, ' Tristan da Cunha', 1), 
(3711, 166, 'Akimiski', 1), 
(3712, 166, ' Aland', 1), 
(3713, 166, ' Alcatraz', 1), 
(3714, 166, ' Apostle Islands', 1), 
(3715, 166, ' Baffin', 1), 
(3716, 166, ' Banka', 1), 
(3717, 166, ' Banks', 1), 
(3718, 166, ' Beaver', 1), 
(3719, 166, ' Belcher Islands', 1), 
(3720, 166, ' Belitung', 1), 
(3721, 166, ' Borneo', 1), 
(3722, 166, ' Bornholm', 1), 
(3723, 166, ' Brac', 1), 
(3724, 166, ' Coats', 1), 
(3725, 166, ' Cres', 1), 
(3726, 166, ' Devon', 1), 
(3727, 166, ' East Frisian Islands', 1), 
(3728, 166, ' Ellesmere', 1), 
(3729, 166, ' Fyn', 1), 
(3730, 166, ' Galveston', 1), 
(3731, 166, ' Gotland', 1), 
(3732, 166, ' Groote Eylandt', 1), 
(3733, 166, ' Hiiumaa', 1), 
(3734, 166, ' Hong Kong Island', 1), 
(3735, 166, ' Ile d\' Anticosti', 1), 
(3736, 166, ' Ile d\' Orleans', 1), 
(3737, 166, ' Isla de Ometepe', 1), 
(3738, 166, ' Isla Del Ray', 1), 
(3739, 166, ' Isle of Man', 1), 
(3740, 166, ' Isle of Wight', 1), 
(3741, 166, ' Isle Royale', 1), 
(3742, 166, ' Jutland', 1), 
(3743, 166, ' Key Largo', 1), 
(3744, 166, ' Key West', 1), 
(3745, 166, ' King William', 1), 
(3746, 166, ' Krek', 1), 
(3747, 166, ' Langeland', 1), 
(3748, 166, ' Lantau', 1), 
(3749, 166, ' Lolland', 1), 
(3750, 166, ' Lundy', 1), 
(3751, 166, ' Mackinac', 1), 
(3752, 166, ' Madeleine Islands', 1), 
(3753, 166, ' Manhattan Island', 1), 
(3754, 166, ' Manitoulin', 1), 
(3755, 166, ' Marsh', 1), 
(3756, 166, ' Matagorda', 1), 
(3757, 166, ' Melville', 1), 
(3758, 166, ' North Hero', 1), 
(3759, 166, ' Oland', 1), 
(3760, 166, ' Paracel Islands', 1), 
(3761, 166, ' Pelee', 1), 
(3762, 166, ' Prince Charles', 1), 
(3763, 166, ' Prince of Wales', 1), 
(3764, 166, ' Queen Elizabeth Islands', 1), 
(3765, 166, ' Saaremaa', 1), 
(3766, 166, ' Sjaelland', 1), 
(3767, 166, ' Somerset', 1), 
(3768, 166, ' Southhampton', 1), 
(3769, 166, ' South Hero', 1), 
(3770, 166, ' Spratley Islands', 1), 
(3771, 166, ' Sulawesi', 1), 
(3772, 166, ' Victoria', 1), 
(3773, 166, ' Washington', 1), 
(3774, 166, ' Wellesley Islands', 1), 
(3775, 167, 'Abaco (great)', 1), 
(3776, 167, ' Abaco (little)', 1), 
(3777, 167, ' Acklins', 1), 
(3778, 167, ' Andros', 1), 
(3779, 167, ' Anegada', 1), 
(3780, 167, ' Anguilla', 1), 
(3781, 167, ' Antigua', 1), 
(3782, 167, ' Aruba', 1), 
(3783, 167, ' Bahamas', 1), 
(3784, 167, ' Barbados', 1), 
(3785, 167, ' Barbuda', 1), 
(3786, 167, ' Bimini Islands', 1), 
(3787, 167, ' Bonaire', 1), 
(3788, 167, ' Caicos Islands', 1), 
(3789, 167, ' Cat', 1), 
(3790, 167, ' Cayman Brac', 1), 
(3791, 167, ' Cayman Islands', 1), 
(3792, 167, ' Cozumel', 1), 
(3793, 167, ' Crooked', 1), 
(3794, 167, ' Cuba', 1), 
(3795, 167, ' Curacao', 1), 
(3796, 167, ' Dominica', 1), 
(3797, 167, ' Exuma', 1), 
(3798, 167, ' Grand Bahama', 1), 
(3799, 167, ' Grand Cayman', 1), 
(3800, 167, ' Grand Turk', 1), 
(3801, 167, ' Greater Antilles', 1), 
(3802, 167, ' Great Inagua', 1), 
(3803, 167, ' Grenada', 1), 
(3804, 167, ' Guadeloupe', 1), 
(3805, 167, ' Hispaniola (Haiti/DOR)', 1), 
(3806, 167, ' Isla de Margarita', 1), 
(3807, 167, ' Isla Mujeres', 1), 
(3808, 167, ' Isla La Tortuga', 1), 
(3809, 167, ' Isle of Youth', 1), 
(3810, 167, ' Jamaica', 1), 
(3811, 167, ' Lesser Antilles', 1), 
(3812, 167, ' Little Cayman', 1), 
(3813, 167, ' Little Inagua', 1), 
(3814, 167, ' Long', 1), 
(3815, 167, ' Marie-Galante', 1), 
(3816, 167, ' Martinique', 1), 
(3817, 167, ' Mayaguana', 1), 
(3818, 167, ' Montserrat', 1), 
(3819, 167, ' Navassa', 1), 
(3820, 167, ' Nevis', 1), 
(3821, 167, ' New Providence', 1), 
(3822, 167, ' Providencia', 1), 
(3823, 167, ' Puerto Rico', 1), 
(3824, 167, ' Roatan', 1), 
(3825, 167, ' Rum Cay', 1), 
(3826, 167, ' St. Barts', 1), 
(3827, 167, ' St. Croix', 1), 
(3828, 167, ' St. Eustatius', 1), 
(3829, 167, ' St. John', 1), 
(3830, 167, ' St. Kitts', 1), 
(3831, 167, ' St. Lucia', 1), 
(3832, 167, ' St. Martin/Sint Maartan', 1), 
(3833, 167, ' St. Thomas', 1), 
(3834, 167, ' St Vincent and the Grenadines', 1), 
(3835, 167, ' Saba', 1), 
(3836, 167, ' San Blas Islands', 1), 
(3837, 167, ' San Salvador', 1), 
(3838, 167, ' San Andres', 1), 
(3839, 167, ' Santa Catilina (St. Catherine)', 1), 
(3840, 167, ' Tobago', 1), 
(3841, 167, ' Tortola', 1), 
(3842, 167, ' Trinidad', 1), 
(3843, 167, ' Virgin Gorda', 1), 
(3844, 167, ' West Indies', 1), 
(3845, 168, 'Aegina', 1), 
(3846, 168, ' Alonissos', 1), 
(3847, 168, ' Amorgos', 1), 
(3848, 168, ' Andros', 1), 
(3849, 168, ' Angistri', 1), 
(3850, 168, ' Astipalea', 1), 
(3851, 168, ' Carpathos', 1), 
(3852, 168, ' Cephalonia', 1), 
(3853, 168, ' Chios (Hios)', 1), 
(3854, 168, ' Corfu', 1), 
(3855, 168, ' Cos (Kos)', 1), 
(3856, 168, ' Crete (Kriti)', 1), 
(3857, 168, ' Cyclades Islands', 1), 
(3858, 168, ' Dodecanese Islands', 1), 
(3859, 168, ' Dokos', 1), 
(3860, 168, ' Eubaea (Evia)', 1), 
(3861, 168, ' Evia', 1), 
(3862, 168, ' Hydra', 1), 
(3863, 168, ' Ikaria', 1), 
(3864, 168, ' Ionian Islands', 1), 
(3865, 168, ' Ios', 1), 
(3866, 168, ' Ithaca', 1), 
(3867, 168, ' Kea', 1), 
(3868, 168, ' Kefalonia', 1), 
(3869, 168, ' Kefalos', 1), 
(3870, 168, ' Kalimnos', 1), 
(3871, 168, ' Kassos', 1), 
(3872, 168, ' Kithnos', 1), 
(3873, 168, ' Kos', 1), 
(3874, 168, ' Kythnos', 1), 
(3875, 168, ' Kythria', 1), 
(3876, 168, ' Lefkada', 1), 
(3877, 168, ' Lemnos', 1), 
(3878, 168, ' Leros', 1), 
(3879, 168, ' Lesvos', 1), 
(3880, 168, ' Leucas', 1), 
(3881, 168, ' Limnos', 1), 
(3882, 168, ' Lipsi', 1), 
(3883, 168, ' Los', 1), 
(3884, 168, ' Melos', 1), 
(3885, 168, ' Mykonos', 1), 
(3886, 168, ' Naxos', 1), 
(3887, 168, ' Nisyros', 1), 
(3888, 168, ' Paros', 1), 
(3889, 168, ' Patmos', 1), 
(3890, 168, ' Poros', 1), 
(3891, 168, ' Pothia', 1), 
(3892, 168, ' Rhodes (Rodos)', 1), 
(3893, 168, ' Salamina', 1), 
(3894, 168, ' Samos', 1), 
(3895, 168, ' Samothrace', 1), 
(3896, 168, ' Santorini', 1), 
(3897, 168, ' Serifos', 1), 
(3898, 168, ' Seriphos', 1), 
(3899, 168, ' Sifnos', 1), 
(3900, 168, ' Sikinos', 1), 
(3901, 168, ' Skiros', 1), 
(3902, 168, ' Skiathos', 1), 
(3903, 168, ' Skopelos', 1), 
(3904, 168, ' Skyros', 1), 
(3905, 168, ' Spetses', 1), 
(3906, 168, ' Sporades Islands', 1), 
(3907, 168, ' Syros', 1), 
(3908, 168, ' Tenos (Tinos)', 1), 
(3909, 168, ' Thassos', 1), 
(3910, 168, ' Tzia', 1), 
(3911, 168, ' Zakinthos', 1), 
(3912, 168, ' Zante', 1), 
(3913, 169, 'Addu Atoll', 1), 
(3914, 169, ' Agalega Islands', 1), 
(3915, 169, ' Amsterdam', 1), 
(3916, 169, ' Andaman Islands', 1), 
(3917, 169, ' Anjouan (Nzwani)', 1), 
(3918, 169, ' Ari Atoll', 1), 
(3919, 169, ' Ashmore/Cartier Islands', 1), 
(3920, 169, ' Bali', 1), 
(3921, 169, ' Barrow', 1), 
(3922, 169, ' Bathurst', 1), 
(3923, 169, ' Bompoka', 1), 
(3924, 169, ' Cape Barren', 1), 
(3925, 169, ' Car Nicobar', 1), 
(3926, 169, ' Chagos Archipelago', 1), 
(3927, 169, ' Christmas', 1), 
(3928, 169, ' Comoros', 1), 
(3929, 169, ' Crozet Islands', 1), 
(3930, 169, ' Danger', 1), 
(3931, 169, ' Diego Garcia', 1), 
(3932, 169, ' Eagle Islands', 1), 
(3933, 169, ' Egmont Islands', 1), 
(3934, 169, ' Faadhippolhu Atoll', 1), 
(3935, 169, ' Felidhoo Atoll', 1), 
(3936, 169, ' Flinders', 1), 
(3937, 169, ' Goidhoo Atoll', 1), 
(3938, 169, ' Grand Comore (Njazidja)', 1), 
(3939, 169, ' Great Nicobar', 1), 
(3940, 169, ' Hadhdhunmathee', 1), 
(3941, 169, ' Heard', 1), 
(3942, 169, ' Huvadhoo Atoll', 1), 
(3943, 169, ' Ihavandhippolhu Atoll', 1), 
(3944, 169, ' Java', 1), 
(3945, 169, ' Kangaroo', 1), 
(3946, 169, ' Katchall', 1), 
(3947, 169, ' Keeling Islands (Cocos)', 1), 
(3948, 169, ' King', 1), 
(3949, 169, ' Kolhumadulu Atoll', 1), 
(3950, 169, ' Lakshadweep Islands', 1), 
(3951, 169, ' Little Andaman', 1), 
(3952, 169, ' Little Nicobar', 1), 
(3953, 169, ' Lower Andaman', 1), 
(3954, 169, ' Maalhosmadulu Atoll', 1), 
(3955, 169, ' Maamakunudhoo Atoll', 1), 
(3956, 169, ' Madagascar', 1), 
(3957, 169, ' Mahe', 1), 
(3958, 169, ' Maldives', 1), 
(3959, 169, ' Male\' Atoll', 1), 
(3960, 169, ' Mauritius', 1), 
(3961, 169, ' Mayotte', 1), 
(3962, 169, ' McDonald Islands', 1), 
(3963, 169, ' Melville', 1), 
(3964, 169, ' Middle Andaman', 1), 
(3965, 169, ' Miladhunmafulu Atoll', 1), 
(3966, 169, ' Moheli (Mwali)', 1), 
(3967, 169, ' Molaku Atoll', 1), 
(3968, 169, ' Nancowry', 1), 
(3969, 169, ' Nelsons Island', 1), 
(3970, 169, ' Nias', 1), 
(3971, 169, ' Nicobar Islands', 1), 
(3972, 169, ' Nilandhoo Atoll', 1), 
(3973, 169, ' North Andaman', 1), 
(3974, 169, ' Peros Banhos', 1), 
(3975, 169, ' Phuket', 1), 
(3976, 169, ' Prince Edward Islands', 1), 
(3977, 169, ' Reunion', 1), 
(3978, 169, ' Rodrigues', 1), 
(3979, 169, ' St. Paul', 1), 
(3980, 169, ' Salomon Islands', 1), 
(3981, 169, ' Seychelles', 1), 
(3982, 169, ' Shag', 1), 
(3983, 169, ' Siberut', 1), 
(3984, 169, ' Simeulue', 1), 
(3985, 169, ' Sipura', 1), 
(3986, 169, ' Socotra', 1), 
(3987, 169, ' Sumatra', 1), 
(3988, 169, ' Sri Lanka', 1), 
(3989, 169, ' Tarasa Dwip', 1), 
(3990, 169, ' Tasmania', 1), 
(3991, 169, ' Thiladhunmathee Atoll', 1), 
(3992, 169, ' Three Brothers', 1), 
(3993, 169, ' Timor', 1), 
(3994, 169, ' Tromelin', 1), 
(3995, 169, ' Zanzibar', 1), 
(3996, 170, 'Aeolian Islands', 1), 
(3997, 170, ' Alboran', 1), 
(3998, 170, ' Balearic Islands', 1), 
(3999, 170, ' Cabrera', 1), 
(4000, 170, ' Capraia', 1), 
(4001, 170, ' Capri', 1);

insert  into zonas values 
(4002, 170, ' Corse (Corsica)', 1), 
(4003, 170, ' Cyprus', 1), 
(4004, 170, ' Elba', 1), 
(4005, 170, ' Formentera', 1), 
(4006, 170, ' Gozo', 1), 
(4007, 170, ' Ibiza (Ivisa)', 1), 
(4008, 170, ' Iles d\' Hyeres', 1), 
(4009, 170, ' Jalitah', 1), 
(4010, 170, ' Lampedusa', 1), 
(4011, 170, ' Lipari Islands', 1), 
(4012, 170, ' Mallorca (Majorca)', 1), 
(4013, 170, ' Malta', 1), 
(4014, 170, ' Maltese Islands', 1), 
(4015, 170, ' Menorca (Minorca)', 1), 
(4016, 170, ' Pantelleria', 1), 
(4017, 170, ' Ponziane', 1), 
(4018, 170, ' Salina', 1), 
(4019, 170, ' Sant\' Antioca', 1), 
(4020, 170, ' San Pietro', 1), 
(4021, 170, ' Sardinia (Sardegna)', 1), 
(4022, 170, ' Sicily (Sicilia)', 1), 
(4023, 170, ' Stromboli', 1), 
(4024, 170, ' Vulcano', 1), 
(4025, 170, ' Zembra', 1), 
(4026, 171, 'Abaiang', 1), 
(4027, 171, ' Admiralty Islands', 1), 
(4028, 171, ' Aitutaki', 1), 
(4029, 171, ' Alofi', 1), 
(4030, 171, ' Ambrym', 1), 
(4031, 171, ' American Samoa', 1), 
(4032, 171, ' Antipodes', 1), 
(4033, 171, ' Atafu Atoll', 1), 
(4034, 171, ' Atiu', 1), 
(4035, 171, ' Auckland Islands', 1), 
(4036, 171, ' Aunu\'u', 1), 
(4037, 171, ' Austral Islands', 1), 
(4038, 171, ' Banaba', 1), 
(4039, 171, ' Bega', 1), 
(4040, 171, ' Bora Bora', 1), 
(4041, 171, ' Bougainville', 1), 
(4042, 171, ' Bounty Islands', 1), 
(4043, 171, ' Campbell', 1), 
(4044, 171, ' Chatham Islands', 1), 
(4045, 171, ' Choiseul', 1), 
(4046, 171, ' Cook Islands', 1), 
(4047, 171, ' Coral Sea Islands', 1), 
(4048, 171, ' Efate', 1), 
(4049, 171, ' Elao', 1), 
(4050, 171, ' Erromango', 1), 
(4051, 171, ' Espiritu Santo', 1), 
(4052, 171, ' \' Eua', 1), 
(4053, 171, ' Faioa', 1), 
(4054, 171, ' Fakaofo Atoll', 1), 
(4055, 171, ' Fatu Hiva', 1), 
(4056, 171, ' Fiji', 1), 
(4057, 171, ' French Polynesia', 1), 
(4058, 171, ' Funafuti Atoll', 1), 
(4059, 171, ' Futuna', 1), 
(4060, 171, ' Gambier Islands', 1), 
(4061, 171, ' Gau', 1), 
(4062, 171, ' Gilbert Islands', 1), 
(4063, 171, ' Gizo', 1), 
(4064, 171, ' Grand Terre', 1), 
(4065, 171, ' Great Barrier Reef', 1), 
(4066, 171, ' Guadacanal', 1), 
(4067, 171, ' Ha\'apai Island Group', 1), 
(4068, 171, ' Hatutu', 1), 
(4069, 171, ' Hiva Oa', 1), 
(4070, 171, ' Horne Islands', 1), 
(4071, 171, ' Huahine', 1), 
(4072, 171, ' Isle of Pines', 1), 
(4073, 171, ' Kadavu', 1), 
(4074, 171, ' Karkar', 1), 
(4075, 171, ' Kioa', 1), 
(4076, 171, ' Kiribati', 1), 
(4077, 171, ' Kiritamati', 1), 
(4078, 171, ' Koro', 1), 
(4079, 171, ' Lakeba', 1), 
(4080, 171, ' Lau Group', 1), 
(4081, 171, ' Lifou', 1), 
(4082, 171, ' Line Islands', 1), 
(4083, 171, ' Loyalty Islands', 1), 
(4084, 171, ' Malaita', 1), 
(4085, 171, ' Malekula', 1), 
(4086, 171, ' Malolo', 1), 
(4087, 171, ' Mangaia', 1), 
(4088, 171, ' Manihiki', 1), 
(4089, 171, ' Manu\'a Group', 1), 
(4090, 171, ' Manuae', 1), 
(4091, 171, ' Mare', 1), 
(4092, 171, ' Marquises Islands', 1), 
(4093, 171, ' Mata Utu', 1), 
(4094, 171, ' Matuku', 1), 
(4095, 171, ' Mauke', 1), 
(4096, 171, ' Maupiti', 1), 
(4097, 171, ' Melanesia', 1), 
(4098, 171, ' Mitiaro', 1), 
(4099, 171, ' Moala', 1), 
(4100, 171, ' Mohotani', 1), 
(4101, 171, ' Moorea', 1), 
(4102, 171, ' Nairai', 1), 
(4103, 171, ' Nanumea Atoll', 1), 
(4104, 171, ' Nassau', 1), 
(4105, 171, ' Nauru', 1), 
(4106, 171, ' Naviti', 1), 
(4107, 171, ' Nepean', 1), 
(4108, 171, ' New Britain', 1), 
(4109, 171, ' New Caledonia', 1), 
(4110, 171, ' New Georgia Islands', 1), 
(4111, 171, ' New Guinea', 1), 
(4112, 171, ' New Ireland', 1), 
(4113, 171, ' Niuafo\'ou', 1), 
(4114, 171, ' Niuas Islands', 1), 
(4115, 171, ' Niuatoputapu', 1), 
(4116, 171, ' Niue', 1), 
(4117, 171, ' Niulakita Atoll', 1), 
(4118, 171, ' Nomuka Island Group', 1), 
(4119, 171, ' Norfolk Islands', 1), 
(4120, 171, ' Nukuaeta', 1), 
(4121, 171, ' Nukufetau Atoll', 1), 
(4122, 171, ' Nuku Hiva', 1), 
(4123, 171, ' Nukulaelae Atoll', 1), 
(4124, 171, ' Nukunono Atoll', 1), 
(4125, 171, ' Ofu', 1), 
(4126, 171, ' Olasega', 1), 
(4127, 171, ' Ono', 1), 
(4128, 171, ' Ouvea', 1), 
(4129, 171, ' Ovalau', 1), 
(4130, 171, ' Palmerston', 1), 
(4131, 171, ' Pangai', 1), 
(4132, 171, ' Penrhyn', 1), 
(4133, 171, ' Philip', 1), 
(4134, 171, ' Phoenix Islands', 1), 
(4135, 171, ' Pitcairn', 1), 
(4136, 171, ' Pitt Island', 1), 
(4137, 171, ' Polynesia', 1), 
(4138, 171, ' Pukapuka', 1), 
(4139, 171, ' Rabi', 1), 
(4140, 171, ' Raiatea', 1), 
(4141, 171, ' Rakahanga', 1), 
(4142, 171, ' Rangiroa', 1), 
(4143, 171, ' Rarotonga', 1), 
(4144, 171, ' Rotuma', 1), 
(4145, 171, ' Samao', 1), 
(4146, 171, ' San Cristobal', 1), 
(4147, 171, ' Santa Cruz Islands', 1), 
(4148, 171, ' Santa Isabel', 1), 
(4149, 171, ' Savai \'i', 1), 
(4150, 171, ' Society Islands', 1), 
(4151, 171, ' Solomon Islands', 1), 
(4152, 171, ' Stewart', 1), 
(4153, 171, ' Suwarrow', 1), 
(4154, 171, ' Tabuaeran', 1), 
(4155, 171, ' Tahaa', 1), 
(4156, 171, ' Tahiti', 1), 
(4157, 171, ' Tahuata', 1), 
(4158, 171, ' Taiohae', 1), 
(4159, 171, ' Tanna', 1), 
(4160, 171, ' Tarawa', 1), 
(4161, 171, ' Tasmania', 1), 
(4162, 171, ' Tau', 1), 
(4163, 171, ' Taveuni', 1), 
(4164, 171, ' Tetiaroa', 1), 
(4165, 171, ' Tokelau', 1), 
(4166, 171, ' Tonga', 1), 
(4167, 171, ' Tongatapu', 1), 
(4168, 171, ' Totoya', 1), 
(4169, 171, ' Tuamotu Islands', 1), 
(4170, 171, ' Tubuai', 1), 
(4171, 171, ' Tupai', 1), 
(4172, 171, ' Tutuila', 1), 
(4173, 171, ' Tuvalu', 1), 
(4174, 171, ' Ua Huka', 1), 
(4175, 171, ' Ua Pou', 1), 
(4176, 171, ' Hiva Oa', 1), 
(4177, 171, ' Upolu', 1), 
(4178, 171, ' \' Uta Vava\'u', 1), 
(4179, 171, ' Uvea', 1), 
(4180, 171, ' Vaiaku', 1), 
(4181, 171, ' Vanua Balavu', 1), 
(4182, 171, ' Vanua Levu', 1), 
(4183, 171, ' Vanuatu', 1), 
(4184, 171, ' Vatulele', 1), 
(4185, 171, ' Vava\'u Island Group', 1), 
(4186, 171, ' Vita Levu', 1), 
(4187, 171, ' Wallis Islands', 1), 
(4188, 171, ' Wallis and Futuna', 1), 
(4189, 171, ' Waya', 1), 
(4190, 171, ' Yasawa', 1), 
(4191, 171, ' Yasawa Group', 1), 
(4192, 172, 'Aleutian Islands', 1), 
(4193, 172, ' Alexander Islands', 1), 
(4194, 172, ' Andreanof Islands', 1), 
(4195, 172, ' Babelthuap', 1), 
(4196, 172, ' Baker', 1), 
(4197, 172, ' Bikini', 1), 
(4198, 172, ' Bohol', 1), 
(4199, 172, ' Bonin Islands', 1), 
(4200, 172, ' Cabras', 1), 
(4201, 172, ' Caroline Islands', 1), 
(4202, 172, ' Cebu', 1), 
(4203, 172, ' Channel Islands (US)', 1), 
(4204, 172, ' Cheju Do', 1), 
(4205, 172, ' Chuuk', 1), 
(4206, 172, ' Diomede Islands', 1), 
(4207, 172, ' Guam', 1), 
(4208, 172, ' Hainan', 1), 
(4209, 172, ' Hawaii (big island)', 1), 
(4210, 172, ' Hawaiian Islands', 1), 
(4211, 172, ' Hokkaido', 1), 
(4212, 172, ' Honshu', 1), 
(4213, 172, ' Howland', 1), 
(4214, 172, ' Jaluit Atoll', 1), 
(4215, 172, ' Japan', 1), 
(4216, 172, ' Johnston Atoll', 1), 
(4217, 172, ' Kahoolawe', 1), 
(4218, 172, ' Kauai', 1), 
(4219, 172, ' Kodiak', 1), 
(4220, 172, ' Kosrae', 1), 
(4221, 172, ' Kwajalein Atoll', 1), 
(4222, 172, ' Kyushu', 1), 
(4223, 172, ' Lanai', 1), 
(4224, 172, ' Lifou', 1), 
(4225, 172, ' Loyalty Islands', 1), 
(4226, 172, ' Luzon', 1), 
(4227, 172, ' Maloelap Atoll', 1), 
(4228, 172, ' Majuro Atoll', 1), 
(4229, 172, ' Mare', 1), 
(4230, 172, ' Marshall Islands', 1), 
(4231, 172, ' Maui', 1), 
(4232, 172, ' Micronesia', 1), 
(4233, 172, ' Midway Islands', 1), 
(4234, 172, ' Mili Atoll', 1), 
(4235, 172, ' Mindanao', 1), 
(4236, 172, ' Mindoro', 1), 
(4237, 172, ' Molakai', 1), 
(4238, 172, ' Niihau', 1), 
(4239, 172, ' Near Islands', 1), 
(4240, 172, ' Negros', 1), 
(4241, 172, ' Northern Marianas', 1), 
(4242, 172, ' Nunivak', 1), 
(4243, 172, ' Oahu', 1), 
(4244, 172, ' Okinawa', 1), 
(4245, 172, ' Ostrov Sakhalin', 1), 
(4246, 172, ' Pagan', 1), 
(4247, 172, ' Palau', 1), 
(4248, 172, ' Palawan', 1), 
(4249, 172, ' Palmyra Atoll', 1), 
(4250, 172, ' Panay', 1), 
(4251, 172, ' Philippines', 1), 
(4252, 172, ' Pohnpei', 1), 
(4253, 172, ' Queen Charlotte Islands', 1), 
(4254, 172, ' Rat', 1), 
(4255, 172, ' Rongelap Atoll', 1), 
(4256, 172, ' St. Lawrence', 1), 
(4257, 172, ' St. Matthew', 1), 
(4258, 172, ' St. Paul', 1), 
(4259, 172, ' Saipan', 1), 
(4260, 172, ' Samar', 1), 
(4261, 172, ' San Clemente', 1), 
(4262, 172, ' San Miguel', 1), 
(4263, 172, ' San Nicolas', 1), 
(4264, 172, ' Santa Catalina', 1), 
(4265, 172, ' Santa Cruz', 1), 
(4266, 172, ' Santa Rosa', 1), 
(4267, 172, ' Shikoku', 1), 
(4268, 172, ' Taiwan', 1), 
(4269, 172, ' Tinian', 1), 
(4270, 172, ' Vancouver', 1), 
(4271, 172, ' Volcano Islands', 1), 
(4272, 172, ' Wake Island', 1), 
(4273, 172, ' Yap', 1), 
(4274, 173, 'Easter', 1), 
(4275, 173, ' Galapogos Islands', 1), 
(4276, 173, ' Juan Fernandez Islands', 1), 
(4277, 173, ' Isla Espanola', 1), 
(4278, 173, ' Isla Fernandina', 1), 
(4279, 173, ' Isla Genovesa', 1), 
(4280, 173, ' Isla Isabella', 1), 
(4281, 173, ' Isla Marchena', 1), 
(4282, 173, ' Isla Pinta', 1), 
(4283, 173, ' Isla Puna', 1), 
(4284, 173, ' Isla San Cristobal', 1), 
(4285, 173, ' Isla San Salvador', 1), 
(4286, 173, ' Isla Santa Cruz', 1), 
(4287, 173, ' Isla Santa Maria', 1), 
(4288, 173, ' Robinson Crusoe', 1), 
(4289, 173, ' San Felix', 1), 
(4290, 173, ' Santa Clara', 1), 
(4291, 174, 'Kabul', 1), 
(4292, 174, ' Badakhshan', 1), 
(4293, 174, ' Badghis', 1), 
(4294, 174, ' Baghlan', 1), 
(4295, 174, ' Balkh', 1), 
(4296, 174, ' Bamian', 1), 
(4297, 174, ' Farah', 1), 
(4298, 174, ' Faryab', 1), 
(4299, 174, ' Ghazni', 1), 
(4300, 174, ' Ghowr', 1), 
(4301, 174, ' Helmand', 1), 
(4302, 174, ' Herat', 1), 
(4303, 174, ' Jowzjan', 1), 
(4304, 174, ' Kabol', 1), 
(4305, 174, ' Kandahar', 1), 
(4306, 174, ' Kapisa', 1), 
(4307, 174, ' Khowst', 1), 
(4308, 174, ' Konar', 1), 
(4309, 174, ' Kondoz', 1), 
(4310, 174, ' Laghman', 1), 
(4311, 174, ' Lowgar', 1), 
(4312, 174, ' Nangarhar', 1), 
(4313, 174, ' Nimruz', 1), 
(4314, 174, ' Nurestan', 1), 
(4315, 174, ' Oruzgan', 1), 
(4316, 174, ' Paktia', 1), 
(4317, 174, ' Paktika', 1), 
(4318, 174, ' Parvan', 1), 
(4319, 174, ' Samangan', 1), 
(4320, 174, ' Sar-e Pol', 1), 
(4321, 174, ' Takhar', 1), 
(4322, 174, ' Vardak', 1), 
(4323, 174, ' Zabol', 1), 
(4324, 175, 'Yerevan', 1), 
(4325, 175, ' Aragatsotn', 1), 
(4326, 175, ' Ararat', 1), 
(4327, 175, ' Armavir', 1), 
(4328, 175, ' Geghark\'unik\'Kotayk\'Lorri', 1), 
(4329, 175, ' Shirak', 1), 
(4330, 175, ' Syunik\'Tavush', 1), 
(4331, 175, ' Vayots\' Dzor', 1), 
(4332, 176, 'Baku (Baki)', 1), 
(4333, 176, ' Abseron', 1), 
(4334, 176, ' Agcabadi', 1), 
(4335, 176, ' Agdam', 1), 
(4336, 176, ' Agdas', 1), 
(4337, 176, ' Agstafa', 1), 
(4338, 176, ' Agsu', 1), 
(4339, 176, ' Ali Bayramli', 1), 
(4340, 176, ' Astara', 1), 
(4341, 176, ' Balakan', 1), 
(4342, 176, ' Barda', 1), 
(4343, 176, ' Beylaqan', 1), 
(4344, 176, ' Bilasuvar', 1), 
(4345, 176, ' Cabrayil', 1), 
(4346, 176, ' Calilabad', 1), 
(4347, 176, ' Daskasan', 1), 
(4348, 176, ' Davaci', 1), 
(4349, 176, ' Fuzuli', 1), 
(4350, 176, ' Gadabay', 1), 
(4351, 176, ' Ganca', 1), 
(4352, 176, ' Goranboy', 1), 
(4353, 176, ' Goycay', 1), 
(4354, 176, ' Haciqabul', 1), 
(4355, 176, ' Imisli', 1), 
(4356, 176, ' Ismayilli', 1), 
(4357, 176, ' Kalbacar', 1), 
(4358, 176, ' Kurdamir', 1), 
(4359, 176, ' Lacin', 1), 
(4360, 176, ' Lankaran', 1), 
(4361, 176, ' Lankaran', 1), 
(4362, 176, ' Lerik', 1), 
(4363, 176, ' Masalli', 1), 
(4364, 176, ' Mingacevir', 1), 
(4365, 176, ' Naftalan', 1), 
(4366, 176, ' Naxcivan', 1), 
(4367, 176, ' Neftcala', 1), 
(4368, 176, ' Oguz', 1), 
(4369, 176, ' Qabala', 1), 
(4370, 176, ' Qax', 1), 
(4371, 176, ' Qazax', 1), 
(4372, 176, ' Qobustan', 1), 
(4373, 176, ' Quba', 1), 
(4374, 176, ' Qubadli', 1), 
(4375, 176, ' Qusar', 1), 
(4376, 176, ' Saatli', 1), 
(4377, 176, ' Sabirabad', 1), 
(4378, 176, ' Saki', 1), 
(4379, 176, ' Saki', 1), 
(4380, 176, ' Salyan', 1), 
(4381, 176, ' Samaxi', 1), 
(4382, 176, ' Samkir', 1), 
(4383, 176, ' Samux', 1), 
(4384, 176, ' Siyazan', 1), 
(4385, 176, ' Sumqayit', 1), 
(4386, 176, ' Susa', 1), 
(4387, 176, ' Susa', 1), 
(4388, 176, ' Tartar', 1), 
(4389, 176, ' Tovuz', 1), 
(4390, 176, ' Ucar', 1), 
(4391, 176, ' Xacmaz', 1), 
(4392, 176, ' Xankandi', 1), 
(4393, 176, ' Xanlar', 1), 
(4394, 176, ' Xizi', 1), 
(4395, 176, ' Xocali', 1), 
(4396, 176, ' Xocavand', 1), 
(4397, 176, ' Yardimli', 1), 
(4398, 176, ' Yevlax', 1), 
(4399, 176, ' Yevlax', 1), 
(4400, 176, ' Zangilan', 1), 
(4401, 176, ' Zaqatala', 1), 
(4402, 176, ' Zardab', 1), 
(4403, 177, 'Manama', 1), 
(4404, 177, ' Al Hadd', 1), 
(4405, 177, ' Al Manamah', 1), 
(4406, 177, ' Al Mintaqah al Gharbiyah', 1), 
(4407, 177, ' Al Mintaqah al Wusta', 1), 
(4408, 177, ' Al Mintaqah ash Shamaliyah', 1), 
(4409, 177, ' Al Muharraq', 1), 
(4410, 177, ' Ar Rifa\' wa al Mintaqah al Janubiyah', 1), 
(4411, 177, ' Jidd Hafs', 1), 
(4412, 177, ' Madinat Hamad', 1), 
(4413, 177, ' Madinat \'Isa', 1), 
(4414, 177, ' Juzur Hawar', 1), 
(4415, 177, ' Sitrah', 1), 
(4416, 178, 'Nicosia', 1), 
(4417, 178, ' Famagusta', 1), 
(4418, 178, ' Kyrenia', 1), 
(4419, 178, ' Larnaca', 1), 
(4420, 178, ' Limassol', 1), 
(4421, 178, ' Paphos', 1), 
(4422, 179, 'Tehran', 1), 
(4423, 179, ' Ardabil', 1), 
(4424, 179, ' Azarbayjan-e Gharbi', 1), 
(4425, 179, ' Azarbayjan-e Sharqi', 1), 
(4426, 179, ' Bushehr', 1), 
(4427, 179, ' Chahar Mahall va Bakhtiari', 1), 
(4428, 179, ' Esfahan', 1), 
(4429, 179, ' Fars', 1), 
(4430, 179, ' Gilan', 1), 
(4431, 179, ' Golestan', 1), 
(4432, 179, ' Hamadan', 1), 
(4433, 179, ' Hormozgan', 1), 
(4434, 179, ' Ilam', 1), 
(4435, 179, ' Kerman', 1), 
(4436, 179, ' Kermanshah', 1), 
(4437, 179, ' Khorasan', 1), 
(4438, 179, ' Khuzestan', 1), 
(4439, 179, ' Kohkiluyeh va Buyer Ahmad', 1), 
(4440, 179, ' Kordestan', 1), 
(4441, 179, ' Lorestan', 1), 
(4442, 179, ' Markazi', 1), 
(4443, 179, ' Mazandaran', 1), 
(4444, 179, ' Qazvin', 1), 
(4445, 179, ' Qom', 1), 
(4446, 179, ' Semnan', 1), 
(4447, 179, ' Sistan va Baluchestan', 1), 
(4448, 179, ' Yazd', 1), 
(4449, 179, ' Zanjan', 1), 
(4450, 180, 'Baghdad', 1), 
(4451, 180, ' Al Anbar', 1), 
(4452, 180, ' Al Basrah', 1), 
(4453, 180, ' Al Muthanna', 1), 
(4454, 180, ' Al Qadisiyah', 1), 
(4455, 180, ' An Najaf', 1), 
(4456, 180, ' Arbil', 1), 
(4457, 180, ' As Sulaymaniyah', 1), 
(4458, 180, ' At Ta\'mim', 1), 
(4459, 180, ' Babil', 1), 
(4460, 180, ' Dahuk', 1), 
(4461, 180, ' Dhi Qar', 1), 
(4462, 180, ' Diyala', 1), 
(4463, 180, ' Karbala\'Maysan', 1), 
(4464, 180, ' Ninawa', 1), 
(4465, 180, ' Salah ad Din', 1), 
(4466, 180, ' Wasit', 1), 
(4467, 181, 'Jerusalem', 1), 
(4468, 181, ' Central', 1), 
(4469, 181, ' Haifa', 1), 
(4470, 181, ' Northern', 1), 
(4471, 181, ' Southern', 1), 
(4472, 181, ' Tel Aviv', 1), 
(4473, 182, 'Amman', 1), 
(4474, 182, ' Ajlun', 1), 
(4475, 182, ' Al \'Aqabah', 1), 
(4476, 182, ' Al Balqa\'Al Karak', 1), 
(4477, 182, ' Al Mafraq', 1), 
(4478, 182, ' At Tafilah', 1), 
(4479, 182, ' Az Zarqa\'Irbid', 1), 
(4480, 182, ' Jarash', 1), 
(4481, 182, ' Ma\'an', 1), 
(4482, 182, ' Madaba', 1), 
(4483, 183, 'Kuwait', 1), 
(4484, 183, ' Al Ahmadi', 1), 
(4485, 183, ' Al Farwaniyah', 1), 
(4486, 183, ' Al \'Asimah', 1), 
(4487, 183, ' Al Jahra\'Hawalli', 1), 
(4488, 184, 'Bishkek Shaary', 1), 
(4489, 184, ' Batken Oblasty', 1), 
(4490, 184, ' Chuy Oblasty (Bishkek)', 1), 
(4491, 184, ' Jalal-Abad Oblasty', 1), 
(4492, 184, ' Naryn Oblasty', 1), 
(4493, 184, ' Osh Oblasty', 1), 
(4494, 184, ' Talas Oblasty', 1), 
(4495, 184, ' Ysyk-Kol Oblasty (Karakol)', 1), 
(4496, 185, 'Beirut', 1), 
(4497, 185, ' Beyrouth', 1), 
(4498, 185, ' Beqaa', 1), 
(4499, 185, ' Liban-Nord', 1), 
(4500, 185, ' Liban-Sud', 1), 
(4501, 185, ' Mont-Liban', 1), 
(4502, 185, ' Nabatiye', 1), 
(4503, 186, 'Muscat', 1), 
(4504, 186, ' Ad Dakhiliyah', 1), 
(4505, 186, ' Al Batinah', 1), 
(4506, 186, ' Al Wusta', 1), 
(4507, 186, ' Ash Sharqiyah', 1), 
(4508, 186, ' Az Zahirah', 1), 
(4509, 186, ' Musandam', 1), 
(4510, 186, ' Zufar', 1), 
(4511, 187, 'Islamabad', 1), 
(4512, 187, ' Balochistan', 1), 
(4513, 187, ' Federally Administered Tribal Areas', 1), 
(4514, 187, ' North-West Frontier Province', 1), 
(4515, 187, ' Punjab', 1), 
(4516, 187, ' Sindh', 1), 
(4517, 188, 'Doha', 1), 
(4518, 188, ' Ad Dawhah', 1), 
(4519, 188, ' Al Ghuwayriyah', 1), 
(4520, 188, ' Al Jumayliyah', 1), 
(4521, 188, ' Al Khawr', 1), 
(4522, 188, ' Al Wakrah', 1), 
(4523, 188, ' Ar Rayyan', 1), 
(4524, 188, ' Jarayan al Batinah', 1), 
(4525, 188, ' Madinat ash Shamal', 1), 
(4526, 188, ' Umm Salal', 1), 
(4527, 189, 'Riyadh', 1), 
(4528, 189, ' Al Bahah', 1), 
(4529, 189, ' Al Hudud ash Shamaliyah', 1), 
(4530, 189, ' Al Jawf', 1), 
(4531, 189, ' Al Madinah', 1), 
(4532, 189, ' Al Qasim', 1), 
(4533, 189, ' Ar Riyad', 1), 
(4534, 189, ' Ash Sharqiyah (Eastern Province)', 1), 
(4535, 189, ' \'Asir', 1), 
(4536, 189, ' Ha\'il', 1), 
(4537, 189, ' Jizan', 1), 
(4538, 189, ' Makkah', 1), 
(4539, 189, ' Najran', 1), 
(4540, 189, ' Tabuk', 1), 
(4541, 190, 'Damascus', 1), 
(4542, 190, ' Al Hasakah', 1), 
(4543, 190, ' Al Ladhiqiyah', 1), 
(4544, 190, ' Al Qunaytirah', 1), 
(4545, 190, ' Ar Raqqah', 1), 
(4546, 190, ' As Suwayda\'Dar\'a', 1), 
(4547, 190, ' Dayr az Zawr', 1), 
(4548, 190, ' Dimashq', 1), 
(4549, 190, ' Halab', 1), 
(4550, 190, ' Hamah', 1), 
(4551, 190, ' Hims', 1), 
(4552, 190, ' Idlib', 1), 
(4553, 190, ' Rif Dimashq', 1), 
(4554, 190, ' Tartus', 1), 
(4555, 191, 'Dushanbe', 1), 
(4556, 191, ' Viloyati Mukhtori Kuhistoni Badakhshon', 1), 
(4557, 191, ' Viloyati Khatlon', 1), 
(4558, 191, ' Viloyati Sughd', 1), 
(4559, 192, 'Ankara', 1), 
(4560, 192, ' Adana', 1), 
(4561, 192, ' Adiyaman', 1), 
(4562, 192, ' Afyon', 1), 
(4563, 192, ' Agri', 1), 
(4564, 192, ' Aksaray', 1), 
(4565, 192, ' Amasya', 1), 
(4566, 192, ' Antalya', 1), 
(4567, 192, ' Ardahan', 1), 
(4568, 192, ' Artvin', 1), 
(4569, 192, ' Aydin', 1), 
(4570, 192, ' Balikesir', 1), 
(4571, 192, ' Bartin', 1), 
(4572, 192, ' Batman', 1), 
(4573, 192, ' Bayburt', 1), 
(4574, 192, ' Bilecik', 1), 
(4575, 192, ' Bingol', 1), 
(4576, 192, ' Bitlis', 1), 
(4577, 192, ' Bolu', 1), 
(4578, 192, ' Burdur', 1), 
(4579, 192, ' Bursa', 1), 
(4580, 192, ' Canakkale', 1), 
(4581, 192, ' Cankiri', 1), 
(4582, 192, ' Corum', 1), 
(4583, 192, ' Denizli', 1), 
(4584, 192, ' Diyarbakir', 1), 
(4585, 192, ' Duzce', 1), 
(4586, 192, ' Edirne', 1), 
(4587, 192, ' Elazig', 1), 
(4588, 192, ' Erzincan', 1), 
(4589, 192, ' Erzurum', 1), 
(4590, 192, ' Eskisehir', 1), 
(4591, 192, ' Gaziantep', 1), 
(4592, 192, ' Giresun', 1), 
(4593, 192, ' Gumushane', 1), 
(4594, 192, ' Hakkari', 1), 
(4595, 192, ' Hatay', 1), 
(4596, 192, ' Icel', 1), 
(4597, 192, ' Igdir', 1), 
(4598, 192, ' Isparta', 1), 
(4599, 192, ' Istanbul', 1), 
(4600, 192, ' Izmir', 1), 
(4601, 192, ' Kahramanmaras', 1), 
(4602, 192, ' Karabuk', 1), 
(4603, 192, ' Karaman', 1), 
(4604, 192, ' Kars', 1), 
(4605, 192, ' Kastamonu', 1), 
(4606, 192, ' Kayseri', 1), 
(4607, 192, ' Kilis', 1), 
(4608, 192, ' Kirikkale', 1), 
(4609, 192, ' Kirklareli', 1), 
(4610, 192, ' Kirsehir', 1), 
(4611, 192, ' Kocaeli', 1), 
(4612, 192, ' Konya', 1), 
(4613, 192, ' Kutahya', 1), 
(4614, 192, ' Malatya', 1), 
(4615, 192, ' Manisa', 1), 
(4616, 192, ' Mardin', 1), 
(4617, 192, ' Mugla', 1), 
(4618, 192, ' Mus', 1), 
(4619, 192, ' Nevsehir', 1), 
(4620, 192, ' Nigde', 1), 
(4621, 192, ' Ordu', 1), 
(4622, 192, ' Osmaniye', 1), 
(4623, 192, ' Rize', 1), 
(4624, 192, ' Sakarya', 1), 
(4625, 192, ' Samsun', 1), 
(4626, 192, ' Sanliurfa', 1), 
(4627, 192, ' Siirt', 1), 
(4628, 192, ' Sinop', 1), 
(4629, 192, ' Sirnak', 1), 
(4630, 192, ' Sivas', 1), 
(4631, 192, ' Tekirdag', 1), 
(4632, 192, ' Tokat', 1), 
(4633, 192, ' Trabzon', 1), 
(4634, 192, ' Tunceli', 1), 
(4635, 192, ' Usak', 1), 
(4636, 192, ' Van', 1), 
(4637, 192, ' Yalova', 1), 
(4638, 192, ' Yozgat', 1), 
(4639, 192, ' Zonguldak Buri', 1), 
(4640, 192, ' Sisaket', 1), 
(4641, 192, ' Songkhla', 1), 
(4642, 192, ' Sukhothai', 1), 
(4643, 192, ' Suphan Buri', 1), 
(4644, 192, ' Surat Thani', 1), 
(4645, 192, ' Surin', 1), 
(4646, 192, ' Tak', 1), 
(4647, 192, ' Trang', 1), 
(4648, 192, ' Trat', 1), 
(4649, 192, ' Ubon Ratchathani', 1), 
(4650, 192, ' Udon Thani', 1), 
(4651, 192, ' Uthai Thani', 1), 
(4652, 192, ' Uttaradit', 1), 
(4653, 192, ' Yala', 1), 
(4654, 192, ' Yasothon', 1), 
(4655, 193, 'Ashgabat', 1), 
(4656, 193, ' Ahal Welayaty', 1), 
(4657, 193, ' Balkan Welayaty', 1), 
(4658, 193, ' Dasoguz Welayaty', 1), 
(4659, 193, ' Labap Welayaty', 1), 
(4660, 193, ' Mary Welayaty', 1), 
(4661, 194, 'Abu Dhabi', 1), 
(4662, 194, ' Abu Zaby (Abu Dhabi)', 1), 
(4663, 194, ' \'Ajman', 1), 
(4664, 194, ' Al Fujayrah', 1), 
(4665, 194, ' Ash Shariqah (Sharjah)', 1), 
(4666, 194, ' Dubayy (Dubai)', 1), 
(4667, 194, ' Ra\'s al Khaymah', 1), 
(4668, 194, ' Umm al Qaywayn', 1), 
(4669, 195, 'Tashkent (Toshkent)', 1), 
(4670, 195, ' Andijon Viloyati', 1), 
(4671, 195, ' Buxoro Viloyati', 1), 
(4672, 195, ' Farg\'ona Viloyati', 1), 
(4673, 195, ' Jizzax Viloyati', 1), 
(4674, 195, ' Namangan Viloyati', 1), 
(4675, 195, ' Navoiy Viloyati', 1), 
(4676, 195, ' Qashqadaryo Viloyati (Qarshi)', 1), 
(4677, 195, ' Qaraqalpog\'iston Respublikasi', 1), 
(4678, 195, ' Samarqand Viloyati', 1), 
(4679, 195, ' Sirdaryo Viloyati (Guliston)', 1), 
(4680, 195, ' Surxondaryo Viloyati (Termiz)', 1), 
(4681, 195, ' Toshkent Shahri', 1), 
(4682, 195, ' Toshkent Viloyati', 1), 
(4683, 195, ' Xorazm Viloyati (Urganch)', 1), 
(4684, 196, 'Sanaa', 1), 
(4685, 196, ' Abyan', 1), 
(4686, 196, ' \'Adan', 1), 
(4687, 196, ' Al Bayda\'Al Hudaydah', 1), 
(4688, 196, ' Al Jawf', 1), 
(4689, 196, ' Al Mahrah', 1), 
(4690, 196, ' Al Mahwit', 1), 
(4691, 196, ' Dhamar', 1), 
(4692, 196, ' Hadramawt', 1), 
(4693, 196, ' Hajjah', 1), 
(4694, 196, ' Ibb', 1), 
(4695, 196, ' Lahij', 1), 
(4696, 196, ' Ma\'rib', 1), 
(4697, 196, ' Sa\'dah', 1), 
(4698, 196, ' San\'a\'Shabwah', 1), 
(4699, 196, ' Ta\'izz', 1), 
(4700, 197, 'Hamilton', 1), 
(4701, 197, ' Devonshire', 1), 
(4702, 197, ' Hamilton', 1), 
(4703, 197, ' Hamilton', 1), 
(4704, 197, ' Paget', 1), 
(4705, 197, ' Pembroke', 1), 
(4706, 197, ' Saint George', 1), 
(4707, 197, ' Saint George\'s', 1), 
(4708, 197, ' Sandys', 1), 
(4709, 197, ' Smith\'s', 1), 
(4710, 197, ' Southampton', 1), 
(4711, 197, ' Warwick', 1), 
(4712, 198, 'Ottawa', 1), 
(4713, 198, ' Alberta', 1), 
(4714, 198, ' British Columbia', 1), 
(4715, 198, ' Manitoba', 1), 
(4716, 198, ' New Brunswick', 1), 
(4717, 198, ' Newfoundland and Labrador', 1), 
(4718, 198, ' Northwest Territories', 1), 
(4719, 198, ' Nova Scotia', 1), 
(4720, 198, ' Nunavut', 1), 
(4721, 198, ' Ontario', 1), 
(4722, 198, ' Prince Edward Island', 1), 
(4723, 198, ' Quebec', 1), 
(4724, 198, ' Saskatchewan', 1), 
(4725, 198, ' Yukon Territory', 1), 
(4726, 199, '', 1), 
(4727, 200, 'Nuuk (Godthab)', 1), 
(4728, 200, ' Avannaa (Nordgronland)', 1), 
(4729, 200, ' Tunu (Ostgronland)', 1), 
(4730, 200, ' Kitaa (Vestgronland)', 1), 
(4731, 201, 'Mexico (Distrito Federal)', 1), 
(4732, 201, ' Aguascalientes', 1), 
(4733, 201, ' Baja California', 1), 
(4734, 201, ' Baja California Sur', 1), 
(4735, 201, ' Campeche', 1), 
(4736, 201, ' Chiapas', 1), 
(4737, 201, ' Chihuahua', 1), 
(4738, 201, ' Coahuila de Zaragoza', 1), 
(4739, 201, ' Colima', 1), 
(4740, 201, ' Durango', 1), 
(4741, 201, ' Guanajuato', 1), 
(4742, 201, ' Guerrero', 1), 
(4743, 201, ' Hidalgo', 1), 
(4744, 201, ' Jalisco', 1), 
(4745, 201, ' Michoacan de Ocampo', 1), 
(4746, 201, ' Morelos', 1), 
(4747, 201, ' Nayarit', 1), 
(4748, 201, ' Nuevo Leon', 1), 
(4749, 201, ' Oaxaca', 1), 
(4750, 201, ' Puebla', 1), 
(4751, 201, ' Queretaro de Arteaga', 1), 
(4752, 201, ' Quintana Roo', 1), 
(4753, 201, ' San Luis Potosi', 1), 
(4754, 201, ' Sinaloa', 1), 
(4755, 201, ' Sonora', 1), 
(4756, 201, ' Tabasco', 1), 
(4757, 201, ' Tamaulipas', 1), 
(4758, 201, ' Tlaxcala', 1), 
(4759, 201, ' Veracruz-Llave', 1), 
(4760, 201, ' Yucatan', 1), 
(4761, 201, ' Zacatecas', 1), 
(4762, 202, 'Washington DC', 1), 
(4763, 202, ' Alabama', 1), 
(4764, 202, ' Alaska', 1), 
(4765, 202, ' Arizona', 1), 
(4766, 202, ' Arkansas', 1), 
(4767, 202, ' California', 1), 
(4768, 202, ' Colorado', 1), 
(4769, 202, ' Connecticut', 1), 
(4770, 202, ' Delaware', 1), 
(4771, 202, ' Georgia', 1), 
(4772, 202, ' Kentucky', 1), 
(4773, 202, ' Hawaii', 1), 
(4774, 202, ' Idaho', 1), 
(4775, 202, ' Illinois', 1), 
(4776, 202, ' Indiana', 1), 
(4777, 202, ' Iowa', 1), 
(4778, 202, ' Kansas', 1), 
(4779, 202, ' Kentucky', 1), 
(4780, 202, ' Louisiana', 1), 
(4781, 202, ' Maine', 1), 
(4782, 202, ' Maryland', 1), 
(4783, 202, ' Massachusets', 1), 
(4784, 202, ' Michigan', 1), 
(4785, 202, ' Minnesota', 1), 
(4786, 202, ' Mississippi', 1), 
(4787, 202, ' Missouri', 1), 
(4788, 202, ' Montana', 1), 
(4789, 202, ' Nebraska', 1), 
(4790, 202, ' Nevada', 1), 
(4791, 202, ' New Hampshire', 1), 
(4792, 202, ' New Jersey', 1), 
(4793, 202, ' New Mexico', 1), 
(4794, 202, ' New York', 1), 
(4795, 202, ' North Carolina', 1), 
(4796, 202, ' North Dakota', 1), 
(4797, 202, ' Ohio', 1), 
(4798, 202, ' Oklahoma', 1), 
(4799, 202, ' Oregon', 1), 
(4800, 202, ' Pennsylvania', 1), 
(4801, 202, ' Rhode Island', 1), 
(4802, 202, ' South Carolina', 1), 
(4803, 202, ' South Dakota', 1), 
(4804, 202, ' Tennessee', 1), 
(4805, 202, ' Texas', 1), 
(4806, 202, ' Utah', 1), 
(4807, 202, ' Vermont', 1), 
(4808, 202, ' Virginia', 1), 
(4809, 202, ' Washington', 1), 
(4810, 202, ' West Virginia', 1), 
(4811, 202, ' Wisconsin', 1), 
(4812, 202, ' Wyoming', 1), 
(4813, 203, 'Buenos Aires', 1), 
(4814, 203, ' Catamarca', 1), 
(4815, 203, ' Chaco', 1), 
(4816, 203, ' Chubut', 1), 
(4817, 203, ' Cordoba', 1), 
(4818, 203, ' Corrientes', 1), 
(4819, 203, ' Entre Rios', 1), 
(4820, 203, ' Formosa', 1), 
(4821, 203, ' Jujuy', 1), 
(4822, 203, ' La Pampa', 1), 
(4823, 203, ' La Rioja', 1), 
(4824, 203, ' Mendoza', 1), 
(4825, 203, ' Misiones', 1), 
(4826, 203, ' Neuquen', 1), 
(4827, 203, ' Rio Negro', 1), 
(4828, 203, ' Salta', 1), 
(4829, 203, ' San Juan', 1), 
(4830, 203, ' San Luis', 1), 
(4831, 203, ' Santa Cruz', 1), 
(4832, 203, ' Santa Fe', 1), 
(4833, 203, ' Santiago del Estero', 1), 
(4834, 203, ' Tucuman', 1), 
(4835, 204, 'La Paz', 1), 
(4836, 204, ' Sucre', 1), 
(4837, 204, ' Chuquisaca', 1), 
(4838, 204, ' Cochabamba', 1), 
(4839, 204, ' Beni', 1), 
(4840, 204, ' Oruro', 1), 
(4841, 204, ' Pando', 1), 
(4842, 204, ' Potosi', 1), 
(4843, 204, ' Santa Cruz', 1), 
(4844, 204, ' Tarija', 1), 
(4845, 205, 'Brasilia', 1), 
(4846, 205, ' Acre', 1), 
(4847, 205, ' Alagoas', 1), 
(4848, 205, ' Amapa', 1), 
(4849, 205, ' Amazonas', 1), 
(4850, 205, ' Bahia', 1), 
(4851, 205, ' Ceara', 1), 
(4852, 205, ' Distrito Federal', 1), 
(4853, 205, ' Espirito Santo', 1), 
(4854, 205, ' Goias', 1), 
(4855, 205, ' Maranhao', 1), 
(4856, 205, ' Mato Grosso', 1), 
(4857, 205, ' Mato Grosso do Sul', 1), 
(4858, 205, ' Minas Gerais', 1), 
(4859, 205, ' Para', 1), 
(4860, 205, ' Paraiba', 1), 
(4861, 205, ' Parana', 1), 
(4862, 205, ' Pernambuco', 1), 
(4863, 205, ' Piaui', 1), 
(4864, 205, ' Rio de Janeiro', 1), 
(4865, 205, ' Rio Grande do Norte', 1), 
(4866, 205, ' Rio Grande do Sul', 1), 
(4867, 205, ' Rondonia', 1), 
(4868, 205, ' Roraima', 1), 
(4869, 205, ' Santa Catarina', 1), 
(4870, 205, ' Sao Paulo', 1), 
(4871, 205, ' Sergipe', 1), 
(4872, 205, ' Tocantins', 1), 
(4873, 206, 'Santiago', 1), 
(4874, 206, ' Antofagasta', 1), 
(4875, 206, ' Araucania', 1), 
(4876, 206, ' Atacama', 1), 
(4877, 206, ' Bio-Bio', 1), 
(4878, 206, ' Coquimbo', 1), 
(4879, 206, ' Los Lagos', 1), 
(4880, 206, ' Maule', 1), 
(4881, 206, ' Tarapaca', 1), 
(4882, 206, ' Valparaiso', 1), 
(4883, 207, 'Bogota', 1), 
(4884, 207, ' Amazonas', 1), 
(4885, 207, ' Antioquia', 1), 
(4886, 207, ' Arauca', 1), 
(4887, 207, ' Atlantico', 1), 
(4888, 207, ' Bolivar', 1), 
(4889, 207, ' Boyaca', 1), 
(4890, 207, ' Caldas', 1), 
(4891, 207, ' Caqueta', 1), 
(4892, 207, ' Casanare', 1), 
(4893, 207, ' Cauca', 1), 
(4894, 207, ' Cesar', 1), 
(4895, 207, ' Choco', 1), 
(4896, 207, ' Cordoba', 1), 
(4897, 207, ' Cundinamarca', 1), 
(4898, 207, ' Guainia', 1), 
(4899, 207, ' Guaviare', 1), 
(4900, 207, ' Huila', 1), 
(4901, 207, ' La Guajira', 1), 
(4902, 207, ' Magdalena', 1), 
(4903, 207, ' Meta', 1), 
(4904, 207, ' Narino', 1), 
(4905, 207, ' Norte de Santander', 1), 
(4906, 207, ' Putumayo', 1), 
(4907, 207, ' Quindio', 1), 
(4908, 207, ' Risaralda', 1), 
(4909, 207, ' San Andres/Providencia', 1), 
(4910, 207, ' Santander', 1), 
(4911, 207, ' Sucre', 1), 
(4912, 207, ' Tolima', 1), 
(4913, 207, ' Valle del Cauca', 1), 
(4914, 207, ' Vaupes', 1), 
(4915, 207, ' Vichada', 1), 
(4916, 208, 'Quito', 1), 
(4917, 208, ' Azuay', 1), 
(4918, 208, ' Bolivar', 1), 
(4919, 208, ' Canar', 1), 
(4920, 208, ' Carchi', 1), 
(4921, 208, ' Chimborazo', 1), 
(4922, 208, ' Cotopaxi', 1), 
(4923, 208, ' El Oro', 1), 
(4924, 208, ' Esmeraldas', 1), 
(4925, 208, ' Galapagos', 1), 
(4926, 208, ' Guayas', 1), 
(4927, 208, ' Imbabura', 1), 
(4928, 208, ' Loja', 1), 
(4929, 208, ' Los Rios', 1), 
(4930, 208, ' Manabi', 1), 
(4931, 208, ' Morona-Santiago', 1), 
(4932, 208, ' Napo', 1), 
(4933, 208, ' Orellana', 1), 
(4934, 208, ' Pastaza', 1), 
(4935, 208, ' Pichincha', 1), 
(4936, 208, ' Sucumbios', 1), 
(4937, 208, ' Tungurahua', 1), 
(4938, 208, ' Zamora-Chinchipe', 1), 
(4939, 209, 'Georgetown', 1), 
(4940, 209, ' Barima-Waini', 1), 
(4941, 209, ' Cuyuni-Mazaruni', 1), 
(4942, 209, ' Demerara-Mahaica', 1), 
(4943, 209, ' East Berbice-Corentyne', 1), 
(4944, 209, ' Essequibo Islands-West Demerara', 1), 
(4945, 209, ' Mahaica-Berbice', 1), 
(4946, 209, ' Pomeroon-Supenaam', 1), 
(4947, 209, ' Potaro-Siparuni', 1), 
(4948, 209, ' Upper Demerara-Berbice', 1), 
(4949, 209, ' Upper Takutu-Upper Essequibo', 1), 
(4950, 210, 'Asuncion', 1), 
(4951, 210, ' Alto Paraguay', 1), 
(4952, 210, ' Alto Parana', 1), 
(4953, 210, ' Amambay', 1), 
(4954, 210, ' Boqueron', 1), 
(4955, 210, ' Caaguazu', 1), 
(4956, 210, ' Caazapa', 1), 
(4957, 210, ' Canindeyu', 1), 
(4958, 210, ' Central', 1), 
(4959, 210, ' Concepcion', 1), 
(4960, 210, ' Cordillera', 1), 
(4961, 210, ' Guaira', 1), 
(4962, 210, ' Itapua', 1), 
(4963, 210, ' Misiones', 1), 
(4964, 210, ' Neembucu', 1), 
(4965, 210, ' Paraguari', 1), 
(4966, 210, ' Presidente Hayes', 1), 
(4967, 210, ' San Pedro', 1), 
(4968, 211, 'Lima', 1), 
(4969, 211, ' Amazonas', 1), 
(4970, 211, ' Ancash', 1), 
(4971, 211, ' Apurimac', 1), 
(4972, 211, ' Arequipa', 1), 
(4973, 211, ' Ayacucho', 1), 
(4974, 211, ' Cajamarca', 1), 
(4975, 211, ' Callao', 1), 
(4976, 211, ' Cusco', 1), 
(4977, 211, ' Huancavelica', 1), 
(4978, 211, ' Huanuco', 1), 
(4979, 211, ' Ica', 1), 
(4980, 211, ' Junin', 1), 
(4981, 211, ' La Libertad', 1), 
(4982, 211, ' Lambayeque', 1), 
(4983, 211, ' Loreto', 1), 
(4984, 211, ' Madre de Dios', 1), 
(4985, 211, ' Moquegua', 1), 
(4986, 211, ' Pasco', 1), 
(4987, 211, ' Piura', 1), 
(4988, 211, ' Puno', 1), 
(4989, 211, ' San Martin', 1), 
(4990, 211, ' Tacna', 1), 
(4991, 211, ' Tumbes', 1), 
(4992, 211, ' Ucayali', 1), 
(4993, 212, 'Paramaribo', 1), 
(4994, 212, ' Brokopondo', 1), 
(4995, 212, ' Commewijne', 1), 
(4996, 212, ' Coronie', 1), 
(4997, 212, ' Marowijne', 1), 
(4998, 212, ' Nickerie', 1), 
(4999, 212, ' Para', 1), 
(5000, 212, ' Saramacca', 1), 
(5001, 212, ' Sipaliwini', 1);

insert  into zonas values 
(5002, 212, ' Wanica', 1), 
(5003, 213, 'Montevideo', 1), 
(5004, 213, ' Artigas', 1), 
(5005, 213, ' Canelones', 1), 
(5006, 213, ' Cerro Largo', 1), 
(5007, 213, ' Colonia', 1), 
(5008, 213, ' Durazno', 1), 
(5009, 213, ' Flores', 1), 
(5010, 213, ' Florida', 1), 
(5011, 213, ' Lavalleja', 1), 
(5012, 213, ' Maldonado', 1), 
(5013, 213, ' Paysandu', 1), 
(5014, 213, ' Rio Negro', 1), 
(5015, 213, ' Rivera', 1), 
(5016, 213, ' Rocha', 1), 
(5017, 213, ' Salto', 1), 
(5018, 213, ' San Jose', 1), 
(5019, 213, ' Soriano', 1), 
(5020, 213, ' Tacuarembo', 1), 
(5021, 213, ' Treinta y Tres', 1), 
(5022, 214, 'Caracas', 1), 
(5023, 214, ' Amazonas', 1), 
(5024, 214, ' Anzoategui', 1), 
(5025, 214, ' Apure', 1), 
(5026, 214, ' Aragua', 1), 
(5027, 214, ' Barinas', 1), 
(5028, 214, ' Bolivar', 1), 
(5029, 214, ' Carabobo', 1), 
(5030, 214, ' Cojedes', 1), 
(5031, 214, ' Delta Amacuro', 1), 
(5032, 214, ' Dependencias Federales', 1), 
(5033, 214, ' Distrito Federal', 1), 
(5034, 214, ' Falcon', 1), 
(5035, 214, ' Guarico', 1), 
(5036, 214, ' Lara', 1), 
(5037, 214, ' Merida', 1), 
(5038, 214, ' Miranda', 1), 
(5039, 214, ' Monagas', 1), 
(5040, 214, ' Nueva Esparta', 1), 
(5041, 214, ' Portuguesa', 1), 
(5042, 214, ' Sucre', 1), 
(5043, 214, ' Tachira', 1), 
(5044, 214, ' Trujillo', 1), 
(5045, 214, ' Vargas', 1), 
(5046, 214, ' Yaracuy', 1), 
(5047, 214, ' Zulia', 1);

